,OBJECTID,ACCIDENT_NO,ABS_CODE,ACCIDENT_STATUS,ACCIDENT_DATE,ACCIDENT_TIME,ALCOHOLTIME,ACCIDENT_TYPE,DAY_OF_WEEK,DCA_CODE,HIT_RUN_FLAG,LIGHT_CONDITION,POLICE_ATTEND,ROAD_GEOMETRY,SEVERITY,SPEED_ZONE,RUN_OFFROAD,LONGITUDE,LATITUDE,LGA_NAME,REGION_NAME,TOTAL_PERSONS,FATALITY,SERIOUSINJURY,OTHERINJURY,NONINJURED,MALES,FEMALES,BICYCLIST,PASSENGER,DRIVER,PEDESTRIAN,PILLION,MOTORIST,UNKNOWN,PED_CYCLIST_5_12,PED_CYCLIST_13_18,OLD_PEDESTRIAN,OLD_DRIVER,YOUNG_DRIVER,ALCOHOL_RELATED,UNLICENCSED,NO_OF_VEHICLES,HEAVYVEHICLE,PASSENGERVEHICLE,MOTORCYCLE,PUBLICVEHICLE,DEG_URBAN_NAME,DEG_URBAN_ALL,LGA_NAME_ALL,REGION_NAME_ALL,RMA,RMA_ALL,DIVIDED,DIVIDED_ALL,STAT_DIV_NAME
17630,17631,T20150018643,ABS to receive accident,Finished,2015/09/07,18:30:00,Yes,Collision with vehicle,Sunday,REAR END(VEHICLES IN SAME LANE),Yes,Dark Street lights on,Yes,Not at intersection,Other injury accident,50 km/hr,No,144.96073013,-37.77814251,MELBOURNE,METROPOLITAN NORTH WEST REGION,2.0,0.0,0.0,1.0,1.0,0.0,1.0,1.0,0.0,0.0,0.0,0.0,0.0,1.0,0.0,0.0,0.0,0.0,0.0,No,0.0,2.0,0.0,0.0,0.0,0.0,MELB_URBAN,MELB_URBAN,"MELBOURNE,MORELAND",METROPOLITAN NORTH WEST REGION,Local Road,Local Road,Divided,Divided,Metro
17653,17654,T20150020335,ABS to receive accident,Finished,2015/09/24,11:45:00,No,Struck Pedestrian,Wednesday,FAR SIDE. PED HIT BY VEHICLE FROM THE LEFT,No,Day,No,Not at intersection,Other injury accident,50 km/hr,No,144.96144479,-37.82135119,MELBOURNE,METROPOLITAN NORTH WEST REGION,2.0,0.0,0.0,1.0,1.0,1.0,0.0,0.0,0.0,0.0,1.0,0.0,0.0,1.0,0.0,0.0,0.0,0.0,0.0,No,0.0,1.0,0.0,0.0,0.0,0.0,MELB_URBAN,MELB_URBAN,MELBOURNE,METROPOLITAN NORTH WEST REGION,Local Road,Local Road,Undivided,Undivided,Metro
17664,17665,T20150022285,ABS to receive accident,Finished,2015/10/22,16:15:00,No,Collision with vehicle,Thursday,LEFT TURN SIDESWIPE,Yes,Day,No,Not at intersection,Other injury accident,40 km/hr,No,144.95960437,-37.81082422,MELBOURNE,METROPOLITAN NORTH WEST REGION,2.0,0.0,0.0,1.0,1.0,1.0,0.0,1.0,0.0,1.0,0.0,0.0,0.0,0.0,0.0,0.0,0.0,0.0,0.0,No,0.0,2.0,0.0,1.0,0.0,0.0,MELBOURNE_CBD,"MELB_URBAN,MELBOURNE_CBD",MELBOURNE,METROPOLITAN NORTH WEST REGION,Local Road,Local Road,Undivided,Undivided,Metro
17703,17704,T20150018844,ABS to receive accident,Finished,2015/09/10,11:25:00,No,Collision with vehicle,Thursday,CROSS TRAFFIC(INTERSECTIONS ONLY),No,Day,Yes,Cross intersection,Other injury accident,60 km/hr,No,144.95838462,-37.80401609,MELBOURNE,METROPOLITAN NORTH WEST REGION,2.0,0.0,0.0,1.0,1.0,1.0,1.0,0.0,0.0,2.0,0.0,0.0,0.0,0.0,0.0,0.0,0.0,0.0,0.0,No,0.0,2.0,0.0,2.0,0.0,0.0,MELB_URBAN,MELB_URBAN,MELBOURNE,METROPOLITAN NORTH WEST REGION,Arterial Other,"Arterial Other,Local Road",Divided,"Undivided,Divided",Metro
17707,17708,T20150017758,ABS to receive accident,Finished,2015/08/26,19:30:00,Yes,Collision with vehicle,Wednesday,RIGHT THROUGH,No,Dark Street lights on,Yes,Cross intersection,Other injury accident,60 km/hr,No,144.9400259,-37.78919866,MELBOURNE,METROPOLITAN NORTH WEST REGION,2.0,0.0,0.0,1.0,1.0,1.0,1.0,0.0,0.0,2.0,0.0,0.0,0.0,0.0,0.0,0.0,0.0,0.0,1.0,No,0.0,2.0,0.0,2.0,0.0,0.0,MELB_URBAN,MELB_URBAN,MELBOURNE,METROPOLITAN NORTH WEST REGION,Arterial Highway,"Arterial Other,Arterial Highway",Undivided,Undivided,Metro
17709,17710,T20150017842,ABS to receive accident,Finished,2015/08/27,18:30:00,Yes,collision with some other object,Thursday,TEMPORARY ROADWORKS,No,Dark Street lights on,Yes,Not at intersection,Other injury accident,60 km/hr,No,144.97974638,-37.8470231,MELBOURNE,METROPOLITAN NORTH WEST REGION,1.0,0.0,0.0,1.0,0.0,1.0,0.0,0.0,0.0,1.0,0.0,0.0,0.0,0.0,0.0,0.0,0.0,0.0,0.0,No,0.0,1.0,0.0,1.0,0.0,0.0,MELB_URBAN,MELB_URBAN,"MELBOURNE,PORT PHILLIP",METROPOLITAN NORTH WEST REGION,Arterial Other,Arterial Other,Divided,Divided,Metro
17715,17716,T20150022573,ABS to receive accident,Finished,2015/10/30,14:20:00,No,Collision with vehicle,Friday,LANE SIDE SWIPE (VEHICLES IN PARALLEL LANES),Yes,Day,No,Multiple intersection,Other injury accident,60 km/hr,No,144.95677296,-37.8010491,MELBOURNE,METROPOLITAN NORTH WEST REGION,2.0,0.0,0.0,1.0,1.0,0.0,1.0,1.0,0.0,0.0,0.0,0.0,0.0,1.0,0.0,0.0,0.0,0.0,0.0,No,0.0,2.0,0.0,0.0,0.0,0.0,MELB_URBAN,MELB_URBAN,MELBOURNE,METROPOLITAN NORTH WEST REGION,Arterial Other,Arterial Other,Divided,Divided,Metro
17734,17735,T20150022155,ABS to receive accident,Finished,2015/10/25,17:20:00,Yes,Collision with vehicle,Sunday,ENTERING PARKING,No,Unk.,No,Not at intersection,Serious injury accident,50 km/hr,No,144.97158538,-37.81427947,MELBOURNE,METROPOLITAN NORTH WEST REGION,2.0,0.0,1.0,0.0,1.0,2.0,0.0,0.0,0.0,1.0,0.0,0.0,1.0,0.0,0.0,0.0,0.0,0.0,0.0,No,0.0,2.0,0.0,1.0,1.0,0.0,MELBOURNE_CBD,MELBOURNE_CBD,MELBOURNE,METROPOLITAN NORTH WEST REGION,Local Road,Local Road,Divided,Divided,Metro
17748,17749,T20150020304,ABS to receive accident,Finished,2015/09/30,16:00:00,No,Collision with vehicle,Wednesday,REAR END(VEHICLES IN SAME LANE),No,Day,No,Not at intersection,Other injury accident,Not known,No,144.9380782,-37.7889658,MELBOURNE,METROPOLITAN NORTH WEST REGION,2.0,0.0,0.0,1.0,1.0,2.0,0.0,0.0,0.0,2.0,0.0,0.0,0.0,0.0,0.0,0.0,0.0,0.0,0.0,No,0.0,2.0,0.0,2.0,0.0,0.0,MELB_URBAN,MELB_URBAN,"MELBOURNE,MOONEE VALLEY",METROPOLITAN NORTH WEST REGION,Arterial Highway,Arterial Highway,Undivided,Undivided,Metro
17762,17763,T20150022656,ABS to receive accident,Finished,2015/10/31,19:45:00,Yes,Collision with vehicle,Saturday,REAR END(VEHICLES IN SAME LANE),No,Dusk/Dawn,No,Cross intersection,Other injury accident,60 km/hr,No,144.97241446,-37.81599704,MELBOURNE,METROPOLITAN NORTH WEST REGION,3.0,0.0,0.0,1.0,2.0,2.0,1.0,0.0,1.0,2.0,0.0,0.0,0.0,0.0,0.0,0.0,0.0,0.0,0.0,No,0.0,2.0,0.0,2.0,0.0,0.0,MELBOURNE_CBD,"MELB_URBAN,MELBOURNE_CBD",MELBOURNE,METROPOLITAN NORTH WEST REGION,Freeway,"Local Road,Freeway",Divided,"Undivided,Divided",Metro
17783,17784,T20150018042,ABS to receive accident,Finished,2015/08/30,02:00:00,No,Collision with vehicle,Sunday,RIGHT TURN SIDESWIPE,No,Dark Street lights on,Yes,Cross intersection,Other injury accident,40 km/hr,No,144.96134054,-37.81030954,MELBOURNE,METROPOLITAN NORTH WEST REGION,3.0,0.0,0.0,1.0,2.0,1.0,2.0,0.0,0.0,2.0,0.0,0.0,0.0,1.0,0.0,0.0,0.0,0.0,0.0,No,0.0,2.0,0.0,2.0,0.0,0.0,MELBOURNE_CBD,"MELB_URBAN,MELBOURNE_CBD",MELBOURNE,METROPOLITAN NORTH WEST REGION,Local Road,Local Road,Undivided,Undivided,Metro
17785,17786,T20150018075,ABS to receive accident,Finished,2015/08/31,01:58:00,Yes,Collision with vehicle,Monday,OTHER ON PATH,No,Dark Street lights on,Yes,Not at intersection,Serious injury accident,40 km/hr,No,144.95849062,-37.82399162,MELBOURNE,METROPOLITAN NORTH WEST REGION,2.0,0.0,1.0,0.0,1.0,1.0,0.0,0.0,0.0,2.0,0.0,0.0,0.0,0.0,0.0,0.0,0.0,0.0,1.0,Yes,0.0,2.0,0.0,2.0,0.0,0.0,MELB_URBAN,MELB_URBAN,MELBOURNE,METROPOLITAN NORTH WEST REGION,Arterial Highway,Arterial Highway,Divided,Divided,Metro
17791,17792,T20150020467,ABS to receive accident,Finished,2015/10/04,00:15:00,No,Collision with vehicle,Sunday,U TURN,No,Dark Street lights on,Yes,Not at intersection,Other injury accident,40 km/hr,No,144.95696008,-37.81382361,MELBOURNE,METROPOLITAN NORTH WEST REGION,5.0,0.0,0.0,1.0,4.0,3.0,2.0,0.0,3.0,2.0,0.0,0.0,0.0,0.0,0.0,0.0,0.0,0.0,1.0,No,0.0,3.0,0.0,3.0,0.0,0.0,MELBOURNE_CBD,MELBOURNE_CBD,MELBOURNE,METROPOLITAN NORTH WEST REGION,Local Road,Local Road,Undivided,Undivided,Metro
17815,17816,T20150020505,ABS to receive accident,Finished,2015/10/04,00:50:00,Yes,Struck Pedestrian,Sunday,PED WALKING AGAINST TRAFFIC.,No,Dark Street lights on,Yes,Cross intersection,Serious injury accident,60 km/hr,No,144.95700548,-37.82507644,MELBOURNE,METROPOLITAN NORTH WEST REGION,2.0,0.0,1.0,0.0,1.0,2.0,0.0,0.0,0.0,1.0,1.0,0.0,0.0,0.0,0.0,0.0,0.0,0.0,0.0,No,0.0,1.0,0.0,0.0,0.0,1.0,MELB_URBAN,MELB_URBAN,MELBOURNE,METROPOLITAN NORTH WEST REGION,Arterial Other,"Local Road,Arterial Other",Divided,"Undivided,Divided",Metro
17817,17818,T20150020514,ABS to receive accident,Finished,2015/10/04,17:35:00,No,Collision with vehicle,Sunday,RIGHT THROUGH,No,Dusk/Dawn,No,Cross intersection,Other injury accident,Not known,No,144.97051272,-37.79748834,MELBOURNE,METROPOLITAN NORTH WEST REGION,2.0,0.0,0.0,1.0,1.0,1.0,1.0,0.0,0.0,2.0,0.0,0.0,0.0,0.0,0.0,0.0,0.0,0.0,0.0,No,0.0,2.0,0.0,2.0,0.0,0.0,MELB_URBAN,MELB_URBAN,MELBOURNE,METROPOLITAN NORTH WEST REGION,Local Road,Local Road,Divided,Divided,Metro
17824,17825,T20150022789,ABS to receive accident,Finished,2015/11/03,19:00:00,Yes,Collision with vehicle,Tuesday,LEFT TURN SIDESWIPE,No,Dusk/Dawn,No,Cross intersection,Other injury accident,Not known,No,144.97052747,-37.79737827,MELBOURNE,METROPOLITAN NORTH WEST REGION,2.0,0.0,0.0,1.0,1.0,0.0,1.0,1.0,0.0,0.0,0.0,0.0,0.0,1.0,0.0,0.0,0.0,0.0,0.0,No,0.0,2.0,0.0,0.0,0.0,0.0,MELB_URBAN,MELB_URBAN,MELBOURNE,METROPOLITAN NORTH WEST REGION,Local Road,Local Road,Divided,Divided,Metro
17835,17836,T20150020535,ABS to receive accident,Finished,2015/10/05,00:30:00,Yes,Collision with vehicle,Monday,RIGHT NEAR (INTERSECTIONS ONLY),No,Dark Street lights on,Yes,T intersection,Other injury accident,60 km/hr,No,144.97053633,-37.80749913,MELBOURNE,METROPOLITAN NORTH WEST REGION,2.0,0.0,0.0,1.0,1.0,1.0,1.0,1.0,0.0,1.0,0.0,0.0,0.0,0.0,0.0,0.0,0.0,0.0,0.0,No,0.0,2.0,0.0,1.0,0.0,0.0,MELBOURNE_CBD,"MELB_URBAN,MELBOURNE_CBD",MELBOURNE,METROPOLITAN NORTH WEST REGION,Arterial Other,"Arterial Other,Local Road",Divided,"Undivided,Divided",Metro
17857,17858,T20150020566,ABS to receive accident,Finished,2015/09/30,16:35:00,No,Collision with vehicle,Tuesday,REAR END(VEHICLES IN SAME LANE),No,Day,No,Cross intersection,Other injury accident,Not known,No,144.95857197,-37.78986404,MELBOURNE,METROPOLITAN NORTH WEST REGION,3.0,0.0,0.0,1.0,2.0,2.0,1.0,0.0,0.0,3.0,0.0,0.0,0.0,0.0,0.0,0.0,0.0,0.0,0.0,No,0.0,3.0,0.0,3.0,0.0,0.0,MELB_URBAN,MELB_URBAN,MELBOURNE,METROPOLITAN NORTH WEST REGION,Arterial Other,Arterial Other,Divided,"Undivided,Divided",Metro
17873,17874,T20150022886,ABS to receive accident,Finished,2015/11/04,23:06:00,Yes,Struck Pedestrian,Wednesday,PED NEAR SIDE. PED HIT BY VEHICLE FROM THE RIGHT.,No,Dark Street lights on,Yes,Cross intersection,Other injury accident,40 km/hr,No,144.95762768,-37.82042799,MELBOURNE,METROPOLITAN NORTH WEST REGION,2.0,0.0,0.0,1.0,1.0,2.0,0.0,0.0,0.0,1.0,1.0,0.0,0.0,0.0,0.0,0.0,0.0,0.0,0.0,No,0.0,1.0,0.0,1.0,0.0,0.0,MELBOURNE_CBD,"MELB_URBAN,MELBOURNE_CBD",MELBOURNE,METROPOLITAN NORTH WEST REGION,Arterial Highway,"Arterial Other,Local Road,Arterial Highway",Divided,"Divided,Undivided",Metro
17883,17884,T20150020550,ABS to receive accident,Finished,2015/10/04,11:00:00,No,Collision with vehicle,Sunday,REAR END(VEHICLES IN SAME LANE),No,Day,No,Multiple intersection,Other injury accident,60 km/hr,No,144.96410699,-37.82934175,MELBOURNE,METROPOLITAN NORTH WEST REGION,4.0,0.0,0.0,1.0,3.0,0.0,2.0,0.0,2.0,2.0,0.0,0.0,0.0,0.0,0.0,0.0,0.0,0.0,0.0,No,0.0,2.0,0.0,2.0,0.0,0.0,MELB_URBAN,MELB_URBAN,MELBOURNE,METROPOLITAN NORTH WEST REGION,Freeway,"Arterial Highway,Freeway",Divided,"Undivided,Divided",Metro
17884,17885,T20150020608,ABS to receive accident,Finished,2015/09/24,10:00:00,No,Collision with vehicle,Wednesday,LANE CHANGE LEFT (NOT OVERTAKING),No,Day,No,Not at intersection,Other injury accident,80 km/hr,No,144.95465428,-37.82771597,MELBOURNE,METROPOLITAN NORTH WEST REGION,2.0,0.0,0.0,1.0,1.0,2.0,0.0,0.0,0.0,2.0,0.0,0.0,0.0,0.0,0.0,0.0,0.0,0.0,0.0,No,0.0,2.0,0.0,2.0,0.0,0.0,MELB_URBAN,MELB_URBAN,MELBOURNE,METROPOLITAN NORTH WEST REGION,Freeway,Freeway,Divided,Divided,Metro
17890,17891,T20150018238,ABS to receive accident,Finished,2015/09/02,09:55:00,No,No collision and no object struck,Wednesday,OUT OF CONTROL ON CARRIAGEWAY (ON STRAIGHT),No,Day,Yes,Not at intersection,Serious injury accident,60 km/hr,No,144.98212543,-37.83412763,MELBOURNE,METROPOLITAN NORTH WEST REGION,1.0,0.0,1.0,0.0,0.0,0.0,1.0,1.0,0.0,0.0,0.0,0.0,0.0,0.0,0.0,1.0,0.0,0.0,0.0,No,0.0,1.0,0.0,0.0,0.0,0.0,MELB_URBAN,MELB_URBAN,MELBOURNE,METROPOLITAN NORTH WEST REGION,Local Road,Local Road,Undivided,Undivided,Metro
17936,17937,T20150020726,ABS to receive accident,Finished,2015/10/06,15:10:00,No,Struck Pedestrian,Tuesday,FAR SIDE. PED HIT BY VEHICLE FROM THE LEFT,No,Day,No,Not at intersection,Serious injury accident,40 km/hr,No,144.98268055,-37.84558151,MELBOURNE,METROPOLITAN NORTH WEST REGION,3.0,0.0,1.0,1.0,1.0,2.0,1.0,0.0,0.0,1.0,2.0,0.0,0.0,0.0,0.0,0.0,0.0,0.0,0.0,No,0.0,1.0,0.0,1.0,0.0,0.0,MELB_URBAN,MELB_URBAN,MELBOURNE,METROPOLITAN NORTH WEST REGION,Arterial Other,Arterial Other,Undivided,Undivided,Metro
17941,17942,T20150022575,ABS to receive accident,Finished,2015/10/29,17:00:00,No,Struck Pedestrian,Thursday,FAR SIDE. PED HIT BY VEHICLE FROM THE LEFT,No,Dusk/Dawn,No,Not at intersection,Other injury accident,40 km/hr,No,144.96762184,-37.81782557,MELBOURNE,METROPOLITAN NORTH WEST REGION,2.0,0.0,0.0,1.0,1.0,0.0,1.0,0.0,0.0,1.0,1.0,0.0,0.0,0.0,0.0,0.0,0.0,0.0,0.0,No,0.0,1.0,0.0,0.0,0.0,1.0,MELB_URBAN,MELB_URBAN,MELBOURNE,METROPOLITAN NORTH WEST REGION,Local Road,Local Road,Undivided,Undivided,Metro
17953,17954,T20150023041,ABS to receive accident,Finished,2015/11/06,23:55:00,Yes,Collision with vehicle,Friday,REAR END(VEHICLES IN SAME LANE),No,Dark Street lights on,Yes,Not at intersection,Other injury accident,40 km/hr,No,144.96218097,-37.81213946,MELBOURNE,METROPOLITAN NORTH WEST REGION,4.0,0.0,0.0,2.0,2.0,3.0,1.0,0.0,1.0,1.0,0.0,0.0,2.0,0.0,0.0,0.0,0.0,0.0,0.0,Yes,0.0,3.0,0.0,1.0,2.0,0.0,MELBOURNE_CBD,MELBOURNE_CBD,MELBOURNE,METROPOLITAN NORTH WEST REGION,Local Road,Local Road,Undivided,Undivided,Metro
17961,17962,T20150020810,ABS to receive accident,Finished,2015/10/08,16:45:00,No,Struck Pedestrian,Thursday,FAR SIDE. PED HIT BY VEHICLE FROM THE LEFT,No,Day,Yes,Not at intersection,Serious injury accident,40 km/hr,No,144.96411958,-37.8182038,MELBOURNE,METROPOLITAN NORTH WEST REGION,2.0,0.0,1.0,0.0,1.0,1.0,1.0,0.0,0.0,1.0,1.0,0.0,0.0,0.0,0.0,0.0,0.0,0.0,0.0,No,0.0,1.0,0.0,1.0,0.0,0.0,MELBOURNE_CBD,"MELB_URBAN,MELBOURNE_CBD",MELBOURNE,METROPOLITAN NORTH WEST REGION,Local Road,Local Road,Undivided,Undivided,Metro
17980,17981,T20150020838,ABS to receive accident,Finished,2015/10/03,11:45:00,No,Collision with vehicle,Saturday,LEAVING PARKING,No,Day,No,Not at intersection,Other injury accident,60 km/hr,No,144.95562949,-37.80702428,MELBOURNE,METROPOLITAN NORTH WEST REGION,2.0,0.0,0.0,1.0,1.0,2.0,0.0,0.0,0.0,2.0,0.0,0.0,0.0,0.0,0.0,0.0,0.0,0.0,0.0,No,0.0,2.0,0.0,2.0,0.0,0.0,MELB_URBAN,MELB_URBAN,MELBOURNE,METROPOLITAN NORTH WEST REGION,Arterial Other,Arterial Other,Divided,Divided,Metro
17997,17998,T20150023061,ABS to receive accident,Finished,2015/11/06,14:30:00,No,Collision with vehicle,Friday,VEHICLE STRIKES ANOTHER VEH WHILE EMERGING FROM DRIVEWAY,No,Day,Yes,Not at intersection,Serious injury accident,60 km/hr,No,144.95869228,-37.82402589,MELBOURNE,METROPOLITAN NORTH WEST REGION,3.0,0.0,2.0,0.0,1.0,2.0,1.0,0.0,1.0,2.0,0.0,0.0,0.0,0.0,0.0,0.0,0.0,0.0,0.0,No,0.0,2.0,0.0,2.0,0.0,0.0,MELB_URBAN,MELB_URBAN,MELBOURNE,METROPOLITAN NORTH WEST REGION,Local Road,Local Road,Divided,"Undivided,Divided",Metro
18057,18058,T20150022755,ABS to receive accident,Finished,2015/10/12,08:40:00,No,No collision and no object struck,Monday,OUT OF CONTROL ON CARRIAGEWAY (ON STRAIGHT),No,Day,Yes,Cross intersection,Serious injury accident,60 km/hr,No,144.99138198,-37.80960679,MELBOURNE,METROPOLITAN NORTH WEST REGION,1.0,0.0,1.0,0.0,0.0,1.0,0.0,0.0,0.0,0.0,0.0,0.0,1.0,0.0,0.0,0.0,0.0,0.0,0.0,No,0.0,1.0,0.0,0.0,1.0,0.0,MELB_URBAN,MELB_URBAN,"MELBOURNE,YARRA",METROPOLITAN NORTH WEST REGION,Arterial Highway,"Arterial Other,Arterial Highway",Divided,"Divided,Undivided",Metro
18092,18093,T20150019264,ABS to receive accident,Finished,2015/09/16,09:05:00,No,Struck Pedestrian,Wednesday,PED NEAR SIDE. PED HIT BY VEHICLE FROM THE RIGHT.,No,Day,Yes,Cross intersection,Serious injury accident,60 km/hr,No,144.96134248,-37.80651911,MELBOURNE,METROPOLITAN NORTH WEST REGION,2.0,0.0,1.0,0.0,1.0,1.0,1.0,0.0,0.0,1.0,1.0,0.0,0.0,0.0,0.0,0.0,0.0,0.0,0.0,No,0.0,1.0,0.0,1.0,0.0,0.0,MELB_URBAN,MELB_URBAN,MELBOURNE,METROPOLITAN NORTH WEST REGION,Arterial Other,"Arterial Other,Local Road",Divided,"Divided,Undivided",Metro
18117,18118,T20150021031,ABS to receive accident,Finished,2015/10/11,21:55:00,Yes,Collision with a fixed object,Sunday,LEFT OFF CARRIAGEWAY INTO OBJECT/PARKED VEHICLE,No,Dark Street lights on,Yes,Not at intersection,Serious injury accident,80 km/hr,Yes,144.96595074,-37.82638545,MELBOURNE,METROPOLITAN NORTH WEST REGION,2.0,0.0,2.0,0.0,0.0,1.0,1.0,0.0,1.0,1.0,0.0,0.0,0.0,0.0,0.0,0.0,0.0,0.0,0.0,Yes,0.0,1.0,0.0,1.0,0.0,0.0,MELB_URBAN,MELB_URBAN,MELBOURNE,METROPOLITAN NORTH WEST REGION,Freeway,Freeway,Divided,Divided,Metro
18121,18122,T20150021095,ABS to receive accident,Finished,2015/10/12,18:15:00,Yes,Collision with vehicle,Sunday,RIGHT THROUGH,No,Dusk/Dawn,Yes,T intersection,Other injury accident,60 km/hr,No,144.97058566,-37.79666685,MELBOURNE,METROPOLITAN NORTH WEST REGION,2.0,0.0,0.0,1.0,1.0,1.0,1.0,1.0,0.0,1.0,0.0,0.0,0.0,0.0,0.0,0.0,0.0,0.0,0.0,No,0.0,2.0,0.0,1.0,0.0,0.0,MELB_URBAN,MELB_URBAN,MELBOURNE,METROPOLITAN NORTH WEST REGION,Local Road,Local Road,Divided,"Divided,Undivided",Metro
18139,18140,T20150021042,ABS to receive accident,Finished,2015/10/12,07:22:00,No,Struck Pedestrian,Monday,PED NEAR SIDE. PED HIT BY VEHICLE FROM THE RIGHT.,No,Dusk/Dawn,Yes,Not at intersection,Serious injury accident,60 km/hr,No,144.95678127,-37.82483594,MELBOURNE,METROPOLITAN NORTH WEST REGION,2.0,0.0,1.0,0.0,1.0,0.0,2.0,0.0,0.0,1.0,1.0,0.0,0.0,0.0,0.0,0.0,0.0,0.0,0.0,No,0.0,1.0,0.0,1.0,0.0,0.0,MELB_URBAN,MELB_URBAN,MELBOURNE,METROPOLITAN NORTH WEST REGION,Arterial Other,Arterial Other,Undivided,Undivided,Metro
18141,18142,T20150019349,ABS to receive accident,Finished,2015/09/17,15:00:00,No,Collision with vehicle,Thursday,RIGHT THROUGH,Yes,Day,Yes,Not at intersection,Other injury accident,40 km/hr,No,144.96875962,-37.81704029,MELBOURNE,METROPOLITAN NORTH WEST REGION,2.0,0.0,0.0,1.0,1.0,1.0,1.0,0.0,0.0,1.0,0.0,0.0,1.0,0.0,0.0,0.0,0.0,0.0,0.0,No,0.0,2.0,0.0,1.0,1.0,0.0,MELBOURNE_CBD,"MELB_URBAN,MELBOURNE_CBD",MELBOURNE,METROPOLITAN NORTH WEST REGION,Local Road,Local Road,Undivided,Undivided,Metro
18191,18192,T20150019581,ABS to receive accident,Finished,2015/09/21,03:00:00,Yes,Collision with a fixed object,Monday,LEFT OFF CARRIAGEWAY INTO OBJECT/PARKED VEHICLE,No,Dark Street lights on,Yes,Not at intersection,Serious injury accident,60 km/hr,Yes,144.94574,-37.79177999,MELBOURNE,METROPOLITAN NORTH WEST REGION,3.0,0.0,1.0,0.0,2.0,2.0,0.0,0.0,1.0,1.0,0.0,0.0,0.0,1.0,0.0,0.0,0.0,0.0,0.0,No,0.0,1.0,0.0,1.0,0.0,0.0,MELB_URBAN,MELB_URBAN,MELBOURNE,METROPOLITAN NORTH WEST REGION,Arterial Other,Arterial Other,Divided,Divided,Metro
18302,18303,T20150019971,ABS to receive accident,Finished,2015/09/26,15:45:00,Yes,Collision with vehicle,Saturday,LANE CHANGE RIGHT (NOT OVERTAKING),No,Day,Yes,Not at intersection,Serious injury accident,60 km/hr,No,144.96506688,-37.83052111,MELBOURNE,METROPOLITAN NORTH WEST REGION,5.0,0.0,1.0,0.0,4.0,4.0,1.0,0.0,0.0,5.0,0.0,0.0,0.0,0.0,0.0,0.0,0.0,0.0,2.0,No,0.0,5.0,0.0,5.0,0.0,0.0,MELB_URBAN,MELB_URBAN,MELBOURNE,METROPOLITAN NORTH WEST REGION,Arterial Highway,Arterial Highway,Divided,Divided,Metro
18307,18308,T20150023746,ABS to receive accident,Finished,2015/11/17,09:01:00,No,Collision with vehicle,Tuesday,REAR END(VEHICLES IN SAME LANE),No,Day,Yes,T intersection,Serious injury accident,60 km/hr,No,144.96006973,-37.82597583,MELBOURNE,METROPOLITAN NORTH WEST REGION,3.0,0.0,1.0,0.0,2.0,2.0,1.0,0.0,0.0,2.0,0.0,0.0,1.0,0.0,0.0,0.0,0.0,0.0,0.0,No,0.0,3.0,0.0,1.0,1.0,0.0,MELB_URBAN,MELB_URBAN,MELBOURNE,METROPOLITAN NORTH WEST REGION,Arterial Other,"Arterial Other,Local Road",Divided,"Undivided,Divided",Metro
18313,18314,T20150021372,ABS to receive accident,Finished,2015/10/16,06:50:00,No,Collision with vehicle,Friday,LANE CHANGE RIGHT (NOT OVERTAKING),No,Dusk/Dawn,Yes,Not at intersection,Other injury accident,50 km/hr,No,144.98368552,-37.80938698,MELBOURNE,METROPOLITAN NORTH WEST REGION,3.0,0.0,0.0,1.0,2.0,2.0,1.0,0.0,1.0,2.0,0.0,0.0,0.0,0.0,0.0,0.0,0.0,0.0,0.0,No,0.0,2.0,1.0,1.0,0.0,0.0,MELB_URBAN,MELB_URBAN,MELBOURNE,METROPOLITAN NORTH WEST REGION,Local Road,Local Road,Divided,Divided,Metro
18326,18327,T20150019764,ABS to receive accident,Finished,2015/09/04,19:00:00,Yes,Collision with vehicle,Friday,REAR END(VEHICLES IN SAME LANE),No,Dark Street lights on,Not known,Not at intersection,Other injury accident,80 km/hr,No,144.94779258,-37.82666994,MELBOURNE,METROPOLITAN NORTH WEST REGION,2.0,0.0,0.0,1.0,1.0,0.0,2.0,0.0,0.0,2.0,0.0,0.0,0.0,0.0,0.0,0.0,0.0,0.0,0.0,No,0.0,2.0,0.0,2.0,0.0,0.0,MELB_URBAN,MELB_URBAN,MELBOURNE,METROPOLITAN NORTH WEST REGION,Freeway,Freeway,Divided,Divided,Metro
18330,18331,T20150023293,ABS to receive accident,Finished,2015/11/10,18:35:00,Yes,Struck Pedestrian,Tuesday,PED NEAR SIDE. PED HIT BY VEHICLE FROM THE RIGHT.,No,Day,Yes,Not at intersection,Serious injury accident,40 km/hr,No,144.96803362,-37.818744,MELBOURNE,METROPOLITAN NORTH WEST REGION,2.0,0.0,1.0,0.0,1.0,2.0,0.0,0.0,0.0,1.0,1.0,0.0,0.0,0.0,0.0,0.0,0.0,0.0,0.0,No,0.0,1.0,0.0,0.0,0.0,1.0,MELB_URBAN,MELB_URBAN,MELBOURNE,METROPOLITAN NORTH WEST REGION,Local Road,Local Road,Undivided,Undivided,Metro