,OBJECTID,ACCIDENT_NO,ABS_CODE,ACCIDENT_STATUS,ACCIDENT_DATE,ACCIDENT_TIME,ALCOHOLTIME,ACCIDENT_TYPE,DAY_OF_WEEK,DCA_CODE,HIT_RUN_FLAG,LIGHT_CONDITION,POLICE_ATTEND,ROAD_GEOMETRY,SEVERITY,SPEED_ZONE,RUN_OFFROAD,LONGITUDE,LATITUDE,LGA_NAME,REGION_NAME,TOTAL_PERSONS,FATALITY,SERIOUSINJURY,OTHERINJURY,NONINJURED,MALES,FEMALES,BICYCLIST,PASSENGER,DRIVER,PEDESTRIAN,PILLION,MOTORIST,UNKNOWN,PED_CYCLIST_5_12,PED_CYCLIST_13_18,OLD_PEDESTRIAN,OLD_DRIVER,YOUNG_DRIVER,ALCOHOL_RELATED,UNLICENCSED,NO_OF_VEHICLES,HEAVYVEHICLE,PASSENGERVEHICLE,MOTORCYCLE,PUBLICVEHICLE,DEG_URBAN_NAME,DEG_URBAN_ALL,LGA_NAME_ALL,REGION_NAME_ALL,RMA,RMA_ALL,DIVIDED,DIVIDED_ALL,STAT_DIV_NAME
38875,38876,T20170011093,ABS to receive accident,Finished,2017/06/06,17:15:00,No,Collision with vehicle,Tuesday,LANE CHANGE RIGHT (NOT OVERTAKING),No,Dark Street lights on,Yes,Not at intersection,Serious injury accident,40 km/hr,No,144.96879834,-37.81060255,MELBOURNE,METROPOLITAN NORTH WEST REGION,2.0,0.0,1.0,0.0,1.0,2.0,0.0,0.0,0.0,1.0,0.0,0.0,1.0,0.0,0.0,0.0,0.0,0.0,0.0,No,0.0,2.0,0.0,1.0,1.0,0.0,MELBOURNE_CBD,MELBOURNE_CBD,MELBOURNE,METROPOLITAN NORTH WEST REGION,Local Road,Local Road,Divided,Divided,Metro
38885,38886,T20170005820,ABS to receive accident,Finished,2017/03/22,21:37:00,Yes,Collision with vehicle,Wednesday,CROSS TRAFFIC(INTERSECTIONS ONLY),No,Dark Street lights on,Yes,Cross intersection,Other injury accident,Not known,No,144.96621907,-37.80488315,MELBOURNE,METROPOLITAN NORTH WEST REGION,2.0,0.0,0.0,1.0,1.0,2.0,0.0,0.0,0.0,2.0,0.0,0.0,0.0,0.0,0.0,0.0,0.0,0.0,2.0,No,0.0,2.0,0.0,2.0,0.0,0.0,MELB_URBAN,MELB_URBAN,MELBOURNE,METROPOLITAN NORTH WEST REGION,Local Road,Local Road,Divided,Divided,Metro
38902,38903,T20170010136,ABS to receive accident,Finished,2017/05/17,18:00:00,Yes,Collision with vehicle,Tuesday,LEFT REAR,Yes,Dusk/Dawn,No,Cross intersection,Other injury accident,40 km/hr,No,144.95496393,-37.82107663,MELBOURNE,METROPOLITAN NORTH WEST REGION,2.0,0.0,0.0,1.0,1.0,1.0,1.0,0.0,0.0,2.0,0.0,0.0,0.0,0.0,0.0,0.0,0.0,0.0,0.0,No,0.0,2.0,0.0,2.0,0.0,0.0,MELBOURNE_CBD,"MELB_URBAN,MELBOURNE_CBD",MELBOURNE,METROPOLITAN NORTH WEST REGION,Arterial Other,"Local Road,Arterial Other",Undivided,Undivided,Metro
38941,38942,T20170004797,ABS to receive accident,Finished,2017/03/09,07:30:00,No,Struck Pedestrian,Thursday,FAR SIDE. PED HIT BY VEHICLE FROM THE LEFT,No,Day,Yes,Not at intersection,Other injury accident,60 km/hr,No,144.93980729,-37.79022961,MELBOURNE,METROPOLITAN NORTH WEST REGION,2.0,0.0,0.0,1.0,1.0,1.0,1.0,0.0,0.0,1.0,1.0,0.0,0.0,0.0,1.0,0.0,0.0,0.0,0.0,No,0.0,1.0,0.0,1.0,0.0,0.0,MELB_URBAN,MELB_URBAN,MELBOURNE,METROPOLITAN NORTH WEST REGION,Arterial Other,Arterial Other,Undivided,Undivided,Metro
38956,38957,T20170010257,ABS to receive accident,Finished,2017/05/26,11:05:00,No,Struck Pedestrian,Friday,PED STRUCK WALKING TO/FROM OR BOARDING/ALIGHTING VEHICLE.,No,Day,Yes,Cross intersection,Serious injury accident,60 km/hr,No,144.95745022,-37.79985642,MELBOURNE,METROPOLITAN NORTH WEST REGION,3.0,0.0,1.0,0.0,2.0,2.0,1.0,0.0,1.0,1.0,1.0,0.0,0.0,0.0,0.0,0.0,0.0,0.0,0.0,No,0.0,1.0,0.0,1.0,0.0,0.0,MELB_URBAN,MELB_URBAN,MELBOURNE,METROPOLITAN NORTH WEST REGION,Arterial Other,"Arterial Other,Local Road",Divided,"Undivided,Divided",Metro
38963,38964,T20170001447,ABS to receive accident,Finished,2017/01/24,07:08:00,No,Collision with a fixed object,Tuesday,LEFT OFF CARRIAGEWAY INTO OBJECT/PARKED VEHICLE,No,Day,Yes,Not at intersection,Serious injury accident,50 km/hr,Yes,144.92292242,-37.79684414,MELBOURNE,METROPOLITAN NORTH WEST REGION,2.0,0.0,1.0,0.0,1.0,2.0,0.0,0.0,0.0,2.0,0.0,0.0,0.0,0.0,0.0,0.0,0.0,0.0,0.0,No,1.0,4.0,0.0,4.0,0.0,0.0,MELB_URBAN,MELB_URBAN,MELBOURNE,METROPOLITAN NORTH WEST REGION,Local Road,Local Road,Undivided,Undivided,Metro
38971,38972,T20170011169,ABS to receive accident,Finished,2017/06/07,18:22:00,Yes,Struck Pedestrian,Wednesday,PED NEAR SIDE. PED HIT BY VEHICLE FROM THE RIGHT.,No,Dark Street lights on,Yes,Cross intersection,Serious injury accident,40 km/hr,No,144.96923237,-37.80915372,MELBOURNE,METROPOLITAN NORTH WEST REGION,2.0,0.0,1.0,0.0,1.0,1.0,1.0,0.0,0.0,1.0,1.0,0.0,0.0,0.0,0.0,0.0,0.0,0.0,0.0,No,0.0,1.0,0.0,1.0,0.0,0.0,MELBOURNE_CBD,MELBOURNE_CBD,MELBOURNE,METROPOLITAN NORTH WEST REGION,Local Road,Local Road,Divided,"Divided,Undivided",Metro
38981,38982,T20160019967,ABS to receive accident,Finished,2016/06/03,22:50:00,Yes,Collision with vehicle,Thursday,CROSS TRAFFIC(INTERSECTIONS ONLY),No,Dark Street lights on,Yes,Cross intersection,Other injury accident,60 km/hr,No,144.95073325,-37.80528636,MELBOURNE,METROPOLITAN NORTH WEST REGION,4.0,0.0,0.0,1.0,3.0,1.0,3.0,0.0,2.0,2.0,0.0,0.0,0.0,0.0,0.0,0.0,0.0,0.0,0.0,No,0.0,2.0,0.0,2.0,0.0,0.0,MELB_URBAN,MELB_URBAN,MELBOURNE,METROPOLITAN NORTH WEST REGION,Local Road,Local Road,Divided,"Undivided,Divided",Metro
38986,38987,T20170004877,ABS to receive accident,Finished,2016/04/29,10:00:00,No,Collision with vehicle,Friday,REAR END(VEHICLES IN SAME LANE),No,Day,No,Not at intersection,Other injury accident,60 km/hr,No,144.9578315,-37.82107273,MELBOURNE,METROPOLITAN NORTH WEST REGION,2.0,0.0,0.0,1.0,1.0,1.0,1.0,0.0,0.0,2.0,0.0,0.0,0.0,0.0,0.0,0.0,0.0,0.0,0.0,No,0.0,2.0,0.0,2.0,0.0,0.0,MELB_URBAN,MELB_URBAN,MELBOURNE,METROPOLITAN NORTH WEST REGION,Arterial Highway,"Local Road,Arterial Highway",Divided,"Divided,Undivided",Metro
39000,39001,T20170010323,ABS to receive accident,Finished,2017/05/26,23:35:00,Yes,Collision with a fixed object,Friday,RIGHT OFF CARRIAGEWAY INTO OBJECT/PARKED VEHICLE,No,Dark Street lights on,Yes,Cross intersection,Other injury accident,40 km/hr,Yes,144.96755773,-37.79715951,MELBOURNE,METROPOLITAN NORTH WEST REGION,1.0,0.0,0.0,1.0,0.0,1.0,0.0,0.0,0.0,1.0,0.0,0.0,0.0,0.0,0.0,0.0,0.0,0.0,0.0,No,0.0,1.0,0.0,1.0,0.0,0.0,MELB_URBAN,MELB_URBAN,MELBOURNE,METROPOLITAN NORTH WEST REGION,Local Road,Local Road,Divided,"Undivided,Divided",Metro
39038,39039,T20170005087,ABS to receive accident,Finished,2017/03/13,21:55:00,Yes,Collision with vehicle,Monday,RIGHT THROUGH,No,Dark Street lights on,Yes,T intersection,Serious injury accident,40 km/hr,No,144.9691426,-37.80524767,MELBOURNE,METROPOLITAN NORTH WEST REGION,5.0,0.0,2.0,0.0,3.0,3.0,2.0,0.0,3.0,2.0,0.0,0.0,0.0,0.0,0.0,0.0,0.0,0.0,1.0,No,0.0,2.0,0.0,2.0,0.0,0.0,MELB_URBAN,MELB_URBAN,MELBOURNE,METROPOLITAN NORTH WEST REGION,Local Road,Local Road,Divided,Divided,Metro
39053,39054,T20160020108,ABS to receive accident,Finished,2016/09/14,14:00:00,No,Collision with vehicle,Wednesday,RIGHT THROUGH,No,Day,No,T intersection,Other injury accident,60 km/hr,No,144.99085549,-37.81287805,MELBOURNE,METROPOLITAN NORTH WEST REGION,3.0,0.0,0.0,1.0,2.0,3.0,0.0,0.0,1.0,2.0,0.0,0.0,0.0,0.0,0.0,0.0,0.0,0.0,0.0,No,0.0,2.0,0.0,2.0,0.0,0.0,MELB_URBAN,MELB_URBAN,"MELBOURNE,YARRA",METROPOLITAN NORTH WEST REGION,Arterial Highway,"Local Road,Arterial Highway",Divided,"Divided,Undivided",Metro
39084,39085,T20170004416,ABS to receive accident,Finished,2017/03/04,12:20:00,No,Collision with vehicle,Saturday,REAR END(VEHICLES IN SAME LANE),No,Day,Yes,Not at intersection,Other injury accident,80 km/hr,No,144.93181058,-37.8208665,MELBOURNE,METROPOLITAN NORTH WEST REGION,8.0,0.0,0.0,2.0,6.0,7.0,1.0,0.0,5.0,3.0,0.0,0.0,0.0,0.0,0.0,0.0,0.0,0.0,0.0,No,0.0,3.0,0.0,2.0,0.0,1.0,MELB_URBAN,MELB_URBAN,MELBOURNE,METROPOLITAN NORTH WEST REGION,Freeway,Freeway,Divided,Divided,Metro
39156,39157,T20170010636,ABS to receive accident,Finished,2017/05/31,12:49:00,No,Fall from or in moving vehicle,Tuesday,FELL IN/FROM VEHICLE,No,Day,Yes,Cross intersection,Other injury accident,40 km/hr,No,144.96360274,-37.81522984,MELBOURNE,METROPOLITAN NORTH WEST REGION,3.0,0.0,0.0,1.0,2.0,1.0,1.0,0.0,0.0,2.0,0.0,0.0,0.0,1.0,0.0,0.0,0.0,0.0,0.0,No,0.0,2.0,0.0,1.0,0.0,1.0,MELBOURNE_CBD,MELBOURNE_CBD,MELBOURNE,METROPOLITAN NORTH WEST REGION,Local Road,Local Road,Undivided,Undivided,Metro
39176,39177,T20170005387,ABS to receive accident,Finished,2017/03/17,13:10:00,No,Collision with vehicle,Friday,LEAVING PARKING,Yes,Day,Yes,Not at intersection,Serious injury accident,Not known,No,144.94829662,-37.80225724,MELBOURNE,METROPOLITAN NORTH WEST REGION,2.0,0.0,1.0,0.0,1.0,1.0,0.0,0.0,0.0,0.0,0.0,0.0,1.0,1.0,0.0,0.0,0.0,0.0,0.0,No,0.0,2.0,0.0,0.0,1.0,0.0,MELB_URBAN,MELB_URBAN,MELBOURNE,METROPOLITAN NORTH WEST REGION,Arterial Other,Arterial Other,Divided,Divided,Metro
39185,39186,T20170011728,ABS to receive accident,Finished,2017/06/15,18:03:00,Yes,Collision with vehicle,Thursday,RIGHT THROUGH,No,Dark Street lights on,Yes,T intersection,Serious injury accident,50 km/hr,No,144.92203593,-37.79735385,MELBOURNE,METROPOLITAN NORTH WEST REGION,2.0,0.0,1.0,0.0,1.0,2.0,0.0,0.0,0.0,1.0,0.0,0.0,1.0,0.0,0.0,0.0,0.0,0.0,0.0,No,0.0,2.0,0.0,1.0,1.0,0.0,MELB_URBAN,MELB_URBAN,MELBOURNE,METROPOLITAN NORTH WEST REGION,Local Road,Local Road,Undivided,Undivided,Metro
39201,39202,T20170004618,ABS to receive accident,Finished,2017/03/07,08:15:00,No,Collision with vehicle,Tuesday,REAR END(VEHICLES IN SAME LANE),No,Day,Yes,Cross intersection,Serious injury accident,40 km/hr,No,144.96107518,-37.81591368,MELBOURNE,METROPOLITAN NORTH WEST REGION,2.0,0.0,1.0,0.0,1.0,0.0,2.0,1.0,0.0,1.0,0.0,0.0,0.0,0.0,0.0,0.0,0.0,0.0,0.0,No,0.0,2.0,0.0,1.0,0.0,0.0,MELBOURNE_CBD,MELBOURNE_CBD,MELBOURNE,METROPOLITAN NORTH WEST REGION,Local Road,Local Road,Divided,"Undivided,Divided",Metro
39209,39210,T20170006431,ABS to receive accident,Finished,2017/03/28,15:30:00,No,Collision with vehicle,Tuesday,VEHICLE STRIKES DOOR OF PARKED/STATIONARY VEHICLE,No,Day,No,Not at intersection,Other injury accident,60 km/hr,No,144.97913888,-37.84533506,MELBOURNE,METROPOLITAN NORTH WEST REGION,2.0,0.0,0.0,1.0,1.0,2.0,0.0,1.0,1.0,0.0,0.0,0.0,0.0,0.0,0.0,0.0,0.0,0.0,0.0,No,0.0,2.0,0.0,1.0,0.0,0.0,MELB_URBAN,MELB_URBAN,"MELBOURNE,PORT PHILLIP",METROPOLITAN NORTH WEST REGION,Arterial Other,Arterial Other,Divided,Divided,Metro
39225,39226,T20170005426,ABS to receive accident,Finished,2017/03/17,19:15:00,Yes,Collision with vehicle,Friday,VEHICLE OFF FOOTPATH STRIKES VEH ON CARRIAGEWAY,No,Day,Yes,Cross intersection,Serious injury accident,60 km/hr,No,144.94209146,-37.78935523,MELBOURNE,METROPOLITAN NORTH WEST REGION,2.0,0.0,1.0,0.0,1.0,2.0,0.0,1.0,0.0,1.0,0.0,0.0,0.0,0.0,0.0,0.0,0.0,0.0,1.0,No,0.0,2.0,0.0,1.0,0.0,0.0,MELB_URBAN,MELB_URBAN,MELBOURNE,METROPOLITAN NORTH WEST REGION,Arterial Highway,"Arterial Highway,Arterial Other",Divided,"Undivided,Divided",Metro
39243,39244,T20170010826,ABS to receive accident,Finished,2017/06/01,14:30:00,No,Collision with vehicle,Thursday,OTHER MANOEUVRING NOT INCLUDED IN DCAs 140-148,No,Day,No,Not at intersection,Other injury accident,50 km/hr,No,144.96961379,-37.82269633,MELBOURNE,METROPOLITAN NORTH WEST REGION,2.0,0.0,0.0,1.0,1.0,2.0,0.0,1.0,0.0,1.0,0.0,0.0,0.0,0.0,0.0,0.0,0.0,0.0,0.0,No,0.0,2.0,0.0,1.0,0.0,0.0,MELB_URBAN,MELB_URBAN,MELBOURNE,METROPOLITAN NORTH WEST REGION,Local Road,Local Road,Undivided,Undivided,Metro
39271,39272,T20170005526,ABS to receive accident,Finished,2017/03/14,00:45:00,Yes,Collision with vehicle,Monday,RIGHT TURN SIDESWIPE,No,Dark Street lights unknown,No,Cross intersection,Other injury accident,Not known,No,144.98563291,-37.8092546,MELBOURNE,METROPOLITAN NORTH WEST REGION,2.0,0.0,0.0,1.0,1.0,1.0,1.0,0.0,0.0,2.0,0.0,0.0,0.0,0.0,0.0,0.0,0.0,0.0,0.0,No,0.0,2.0,0.0,1.0,0.0,1.0,MELB_URBAN,MELB_URBAN,"MELBOURNE,YARRA",METROPOLITAN NORTH WEST REGION,Local Road,Local Road,Undivided,Undivided,Metro
39307,39308,T20170004843,ABS to receive accident,Finished,2017/03/10,07:30:00,No,Collision with vehicle,Friday,LEFT NEAR (INTERSECTIONS ONLY),No,Day,No,T intersection,Other injury accident,60 km/hr,No,144.93184215,-37.7946316,MELBOURNE,METROPOLITAN NORTH WEST REGION,2.0,0.0,0.0,1.0,1.0,0.0,1.0,1.0,0.0,1.0,0.0,0.0,0.0,0.0,0.0,0.0,0.0,0.0,0.0,No,0.0,2.0,0.0,1.0,0.0,0.0,MELB_URBAN,MELB_URBAN,MELBOURNE,METROPOLITAN NORTH WEST REGION,Local Road,Local Road,Undivided,Undivided,Metro
39309,39310,T20170011846,ABS to receive accident,Finished,2017/06/13,13:50:00,No,Collision with vehicle,Tuesday,LANE CHANGE LEFT (NOT OVERTAKING),No,Day,No,Not at intersection,Other injury accident,Not known,No,144.96202409,-37.81764418,MELBOURNE,METROPOLITAN NORTH WEST REGION,3.0,0.0,0.0,1.0,2.0,2.0,0.0,0.0,1.0,1.0,0.0,0.0,0.0,1.0,0.0,0.0,0.0,0.0,0.0,No,0.0,2.0,0.0,1.0,0.0,0.0,MELBOURNE_CBD,MELBOURNE_CBD,MELBOURNE,METROPOLITAN NORTH WEST REGION,Local Road,Local Road,Divided,Divided,Metro
39318,39319,T20170010984,ABS to receive accident,Finished,2017/04/29,15:00:00,Yes,Collision with vehicle,Saturday,LEFT NEAR (INTERSECTIONS ONLY),No,Day,No,T intersection,Other injury accident,50 km/hr,No,144.99020145,-37.81626923,MELBOURNE,METROPOLITAN NORTH WEST REGION,2.0,0.0,0.0,1.0,1.0,1.0,1.0,0.0,0.0,2.0,0.0,0.0,0.0,0.0,0.0,0.0,0.0,0.0,0.0,No,0.0,2.0,0.0,2.0,0.0,0.0,MELB_URBAN,MELB_URBAN,"MELBOURNE,YARRA",METROPOLITAN NORTH WEST REGION,Arterial Highway,"Local Road,Arterial Highway",Divided,"Divided,Undivided",Metro
39323,39324,T20170005674,ABS to receive accident,Finished,2017/03/20,13:12:00,No,Collision with vehicle,Monday,RIGHT THROUGH,No,Day,Yes,Not at intersection,Serious injury accident,50 km/hr,No,144.94756847,-37.7791504,MELBOURNE,METROPOLITAN NORTH WEST REGION,2.0,0.0,1.0,0.0,1.0,1.0,1.0,1.0,0.0,1.0,0.0,0.0,0.0,0.0,0.0,1.0,0.0,0.0,0.0,No,0.0,2.0,0.0,1.0,0.0,0.0,MELB_URBAN,MELB_URBAN,MELBOURNE,METROPOLITAN NORTH WEST REGION,Local Road,Local Road,Undivided,Undivided,Metro
39332,39333,T20170006636,ABS to receive accident,Finished,2017/04/02,13:49:00,No,Collision with vehicle,Sunday,REAR END(VEHICLES IN SAME LANE),No,Day,Yes,Not at intersection,Serious injury accident,80 km/hr,No,144.93214957,-37.81986843,MELBOURNE,METROPOLITAN NORTH WEST REGION,8.0,0.0,4.0,2.0,2.0,2.0,6.0,0.0,4.0,4.0,0.0,0.0,0.0,0.0,0.0,0.0,0.0,0.0,0.0,No,0.0,4.0,0.0,4.0,0.0,0.0,MELB_URBAN,MELB_URBAN,MELBOURNE,METROPOLITAN NORTH WEST REGION,Freeway,Freeway,Divided,Divided,Metro
39354,39355,T20170011004,ABS to receive accident,Finished,2017/06/05,16:30:00,No,Collision with vehicle,Monday,RIGHT THROUGH,No,Day,Yes,Cross intersection,Other injury accident,60 km/hr,No,144.94402042,-37.80034547,MELBOURNE,METROPOLITAN NORTH WEST REGION,3.0,0.0,0.0,3.0,0.0,2.0,1.0,0.0,1.0,2.0,0.0,0.0,0.0,0.0,0.0,0.0,0.0,0.0,0.0,No,0.0,2.0,0.0,2.0,0.0,0.0,MELB_URBAN,MELB_URBAN,MELBOURNE,METROPOLITAN NORTH WEST REGION,Arterial Other,"Arterial Other,Local Road",Divided,"Divided,Undivided",Metro
39370,39371,T20170005768,ABS to receive accident,Finished,2017/03/22,07:40:00,No,Struck Pedestrian,Wednesday,PED NEAR SIDE. PED HIT BY VEHICLE FROM THE RIGHT.,No,Dark Street lights off,Yes,Cross intersection,Serious injury accident,60 km/hr,No,144.97565135,-37.80953753,MELBOURNE,METROPOLITAN NORTH WEST REGION,2.0,0.0,1.0,1.0,0.0,1.0,1.0,0.0,0.0,1.0,1.0,0.0,0.0,0.0,0.0,0.0,0.0,0.0,0.0,No,0.0,1.0,0.0,1.0,0.0,0.0,MELB_URBAN,MELB_URBAN,MELBOURNE,METROPOLITAN NORTH WEST REGION,Local Road,Local Road,Divided,"Undivided,Divided",Metro
39375,39376,T20170006689,ABS to receive accident,Finished,2017/04/03,12:30:00,No,Collision with vehicle,Monday,LEFT TURN SIDESWIPE,Yes,Day,No,Cross intersection,Other injury accident,40 km/hr,No,144.96127788,-37.81031417,MELBOURNE,METROPOLITAN NORTH WEST REGION,2.0,0.0,0.0,1.0,1.0,2.0,0.0,1.0,0.0,0.0,0.0,0.0,0.0,1.0,0.0,0.0,0.0,0.0,0.0,No,0.0,2.0,0.0,0.0,0.0,0.0,MELBOURNE_CBD,"MELB_URBAN,MELBOURNE_CBD",MELBOURNE,METROPOLITAN NORTH WEST REGION,Local Road,Local Road,Undivided,Undivided,Metro
39382,39383,T20170002180,ABS to receive accident,Finished,2017/02/03,19:42:00,Yes,Collision with vehicle,Friday,RIGHT THROUGH,No,Dusk/Dawn,Yes,Cross intersection,Serious injury accident,60 km/hr,No,144.9788998,-37.81649609,MELBOURNE,METROPOLITAN NORTH WEST REGION,2.0,0.0,1.0,0.0,1.0,2.0,0.0,0.0,0.0,2.0,0.0,0.0,0.0,0.0,0.0,0.0,0.0,1.0,0.0,Yes,0.0,2.0,0.0,2.0,0.0,0.0,MELB_URBAN,MELB_URBAN,MELBOURNE,METROPOLITAN NORTH WEST REGION,Arterial Other,"Arterial Other,Local Road",Divided,"Undivided,Divided",Metro
39406,39407,T20170012001,ABS to receive accident,Finished,2017/06/19,06:50:00,Yes,Collision with vehicle,Sunday,LANE SIDE SWIPE (VEHICLES IN PARALLEL LANES),No,Unk.,No,Not at intersection,Other injury accident,Not known,No,144.96278222,-37.82681856,MELBOURNE,METROPOLITAN NORTH WEST REGION,2.0,0.0,0.0,1.0,1.0,2.0,0.0,0.0,0.0,1.0,0.0,0.0,1.0,0.0,0.0,0.0,0.0,0.0,0.0,No,0.0,2.0,0.0,1.0,1.0,0.0,MELB_URBAN,MELB_URBAN,MELBOURNE,METROPOLITAN NORTH WEST REGION,Freeway,Freeway,Undivided,Undivided,Metro
39410,39411,T20170012049,ABS to receive accident,Finished,2017/06/20,10:47:00,No,Collision with vehicle,Tuesday,VEHICLE STRIKES DOOR OF PARKED/STATIONARY VEHICLE,No,Day,Yes,Not at intersection,Serious injury accident,40 km/hr,No,144.96749507,-37.79782143,MELBOURNE,METROPOLITAN NORTH WEST REGION,3.0,0.0,1.0,0.0,2.0,1.0,2.0,1.0,0.0,2.0,0.0,0.0,0.0,0.0,0.0,0.0,0.0,0.0,0.0,No,0.0,3.0,0.0,2.0,0.0,0.0,MELB_URBAN,MELB_URBAN,MELBOURNE,METROPOLITAN NORTH WEST REGION,Local Road,Local Road,Divided,Divided,Metro
39412,39413,T20170012051,ABS to receive accident,Finished,2017/06/19,04:58:00,Yes,Collision with a fixed object,Monday,U TURN INTO FIXED OBJECT/PARKED VEHICLE,No,Dark Street lights on,Yes,T intersection,Serious injury accident,40 km/hr,No,144.95660217,-37.81386591,MELBOURNE,METROPOLITAN NORTH WEST REGION,2.0,0.0,1.0,1.0,0.0,1.0,1.0,0.0,1.0,1.0,0.0,0.0,0.0,0.0,0.0,0.0,0.0,0.0,0.0,Yes,0.0,1.0,0.0,1.0,0.0,0.0,MELBOURNE_CBD,MELBOURNE_CBD,MELBOURNE,METROPOLITAN NORTH WEST REGION,Local Road,Local Road,Undivided,Undivided,Metro
39445,39446,T20170005843,ABS to receive accident,Finished,2017/03/23,08:58:00,No,Collision with vehicle,Thursday,LANE CHANGE LEFT (NOT OVERTAKING),No,Day,Yes,Not at intersection,Other injury accident,40 km/hr,No,144.95694705,-37.81821618,MELBOURNE,METROPOLITAN NORTH WEST REGION,2.0,0.0,0.0,1.0,1.0,2.0,0.0,0.0,0.0,1.0,0.0,0.0,1.0,0.0,0.0,0.0,0.0,0.0,0.0,No,0.0,2.0,0.0,1.0,1.0,0.0,MELBOURNE_CBD,MELBOURNE_CBD,MELBOURNE,METROPOLITAN NORTH WEST REGION,Local Road,Local Road,Undivided,Undivided,Metro
39448,39449,T20170005866,ABS to receive accident,Finished,2017/02/28,19:17:00,Yes,Collision with vehicle,Tuesday,VEHICLE STRIKES DOOR OF PARKED/STATIONARY VEHICLE,No,Day,No,Not at intersection,Other injury accident,60 km/hr,No,144.96148527,-37.80432457,MELBOURNE,METROPOLITAN NORTH WEST REGION,2.0,0.0,0.0,1.0,1.0,0.0,2.0,1.0,0.0,1.0,0.0,0.0,0.0,0.0,0.0,0.0,0.0,0.0,0.0,No,0.0,2.0,0.0,1.0,0.0,0.0,MELB_URBAN,MELB_URBAN,MELBOURNE,METROPOLITAN NORTH WEST REGION,Local Road,Local Road,Divided,Divided,Metro
39456,39457,T20170006821,ABS to receive accident,Finished,2017/04/05,10:20:00,No,Collision with vehicle,Tuesday,LANE SIDE SWIPE (VEHICLES IN PARALLEL LANES),No,Day,Yes,Not at intersection,Other injury accident,50 km/hr,No,144.9554877,-37.80818569,MELBOURNE,METROPOLITAN NORTH WEST REGION,2.0,0.0,0.0,1.0,1.0,1.0,1.0,0.0,0.0,1.0,0.0,0.0,1.0,0.0,0.0,0.0,0.0,0.0,0.0,No,0.0,2.0,0.0,1.0,1.0,0.0,MELB_URBAN,MELB_URBAN,MELBOURNE,METROPOLITAN NORTH WEST REGION,Arterial Other,Arterial Other,Divided,Divided,Metro
39502,39503,T20170005924,ABS to receive accident,Finished,2017/03/18,19:00:00,Yes,Collision with vehicle,Saturday,VEHICLE STRIKES DOOR OF PARKED/STATIONARY VEHICLE,No,Day,No,Not at intersection,Serious injury accident,Not known,No,144.94989001,-37.81365769,MELBOURNE,METROPOLITAN NORTH WEST REGION,3.0,0.0,1.0,0.0,2.0,0.0,3.0,1.0,1.0,1.0,0.0,0.0,0.0,0.0,0.0,0.0,0.0,0.0,1.0,No,0.0,2.0,0.0,1.0,0.0,0.0,MELB_URBAN,MELB_URBAN,MELBOURNE,METROPOLITAN NORTH WEST REGION,Local Road,Local Road,Undivided,Undivided,Metro
39530,39531,T20170005309,ABS to receive accident,Finished,2017/03/07,21:24:00,Yes,Collision with vehicle,Tuesday,LANE CHANGE RIGHT (NOT OVERTAKING),No,Dark Street lights on,Yes,Not at intersection,Other injury accident,80 km/hr,No,144.92211226,-37.82870395,MELBOURNE,METROPOLITAN NORTH WEST REGION,3.0,0.0,0.0,1.0,2.0,3.0,0.0,0.0,1.0,2.0,0.0,0.0,0.0,0.0,0.0,0.0,0.0,0.0,0.0,No,0.0,2.0,1.0,1.0,0.0,0.0,MELB_URBAN,MELB_URBAN,MELBOURNE,METROPOLITAN NORTH WEST REGION,Freeway,Freeway,Divided,Divided,Metro
39544,39545,T20160020799,ABS to receive accident,Finished,2016/09/16,12:21:00,No,Collision with vehicle,Friday,REAR END(VEHICLES IN SAME LANE),No,Day,No,T intersection,Serious injury accident,60 km/hr,No,144.97911243,-37.81570684,MELBOURNE,METROPOLITAN NORTH WEST REGION,2.0,0.0,1.0,0.0,1.0,1.0,1.0,0.0,0.0,2.0,0.0,0.0,0.0,0.0,0.0,0.0,0.0,0.0,1.0,No,0.0,2.0,0.0,2.0,0.0,0.0,MELB_URBAN,MELB_URBAN,MELBOURNE,METROPOLITAN NORTH WEST REGION,Arterial Other,Arterial Other,Divided,"Undivided,Divided",Metro
39563,39564,T20170006055,ABS to receive accident,Finished,2017/03/14,16:05:00,No,Collision with vehicle,Tuesday,LANE CHANGE RIGHT (NOT OVERTAKING),Yes,Day,No,T intersection,Other injury accident,60 km/hr,No,144.95788655,-37.79711524,MELBOURNE,METROPOLITAN NORTH WEST REGION,2.0,0.0,0.0,1.0,1.0,2.0,0.0,0.0,0.0,1.0,0.0,0.0,1.0,0.0,0.0,0.0,0.0,0.0,0.0,No,0.0,2.0,0.0,1.0,1.0,0.0,MELB_URBAN,MELB_URBAN,MELBOURNE,METROPOLITAN NORTH WEST REGION,Arterial Other,"Arterial Other,Local Road",Divided,Divided,Metro