,OBJECTID,ACCIDENT_NO,ABS_CODE,ACCIDENT_STATUS,ACCIDENT_DATE,ACCIDENT_TIME,ALCOHOLTIME,ACCIDENT_TYPE,DAY_OF_WEEK,DCA_CODE,HIT_RUN_FLAG,LIGHT_CONDITION,POLICE_ATTEND,ROAD_GEOMETRY,SEVERITY,SPEED_ZONE,RUN_OFFROAD,LONGITUDE,LATITUDE,LGA_NAME,REGION_NAME,TOTAL_PERSONS,FATALITY,SERIOUSINJURY,OTHERINJURY,NONINJURED,MALES,FEMALES,BICYCLIST,PASSENGER,DRIVER,PEDESTRIAN,PILLION,MOTORIST,UNKNOWN,PED_CYCLIST_5_12,PED_CYCLIST_13_18,OLD_PEDESTRIAN,OLD_DRIVER,YOUNG_DRIVER,ALCOHOL_RELATED,UNLICENCSED,NO_OF_VEHICLES,HEAVYVEHICLE,PASSENGERVEHICLE,MOTORCYCLE,PUBLICVEHICLE,DEG_URBAN_NAME,DEG_URBAN_ALL,LGA_NAME_ALL,REGION_NAME_ALL,RMA,RMA_ALL,DIVIDED,DIVIDED_ALL,STAT_DIV_NAME
56681,56682,T20180020992,ABS to receive accident,Finished,2018/10/27,17:00:00,Yes,Collision with vehicle,Saturday,LANE SIDE SWIPE (VEHICLES IN PARALLEL LANES),No,Day,No,T intersection,Serious injury accident,60 km/hr,No,144.98791976,-37.83145543,MELBOURNE,METROPOLITAN SOUTH EAST REGION,2.0,0.0,1.0,0.0,1.0,2.0,0.0,0.0,0.0,1.0,0.0,0.0,1.0,0.0,0.0,0.0,0.0,0.0,0.0,No,0.0,2.0,0.0,1.0,1.0,0.0,MELB_URBAN,MELB_URBAN,"MELBOURNE,STONNINGTON","METROPOLITAN SOUTH EAST REGION,METROPOLITAN NORTH WEST REGION",Arterial Highway,"Arterial Highway,Local Road",Undivided,Undivided,Metro
56723,56724,T20180021162,ABS to receive accident,Finished,2018/11/12,09:15:00,Yes,Collision with vehicle,Sunday,REAR END(VEHICLES IN SAME LANE),No,Day,Yes,Not at intersection,Other injury accident,80 km/hr,No,144.93272102,-37.81846029,MELBOURNE,METROPOLITAN NORTH WEST REGION,2.0,0.0,0.0,1.0,1.0,2.0,0.0,0.0,0.0,2.0,0.0,0.0,0.0,0.0,0.0,0.0,0.0,0.0,1.0,No,0.0,2.0,0.0,2.0,0.0,0.0,MELB_URBAN,MELB_URBAN,MELBOURNE,METROPOLITAN NORTH WEST REGION,Freeway,Freeway,Divided,Divided,Metro
56792,56793,T20180023904,ABS to receive accident,Finished,2018/12/20,12:03:00,No,Collision with vehicle,Wednesday,RIGHT FAR (INTERSECTIONS ONLY),No,Day,Yes,T intersection,Other injury accident,60 km/hr,No,144.95546385,-37.80832781,MELBOURNE,METROPOLITAN NORTH WEST REGION,4.0,0.0,0.0,3.0,1.0,3.0,1.0,0.0,2.0,2.0,0.0,0.0,0.0,0.0,0.0,0.0,0.0,0.0,0.0,No,0.0,2.0,0.0,1.0,0.0,1.0,MELB_URBAN,MELB_URBAN,MELBOURNE,METROPOLITAN NORTH WEST REGION,Arterial Other,Arterial Other,Divided,Divided,Metro
56808,56809,T20180011116,ABS to receive accident,Finished,2018/06/13,18:20:00,Yes,Collision with vehicle,Wednesday,RIGHT/LEFT FAR (INTERSECTIONS ONLY),No,Dark Street lights on,Yes,Cross intersection,Other injury accident,50 km/hr,No,144.9680022,-37.82581388,MELBOURNE,METROPOLITAN NORTH WEST REGION,2.0,0.0,0.0,1.0,1.0,1.0,1.0,1.0,0.0,1.0,0.0,0.0,0.0,0.0,0.0,0.0,0.0,0.0,1.0,No,0.0,2.0,0.0,1.0,0.0,0.0,MELB_URBAN,MELB_URBAN,MELBOURNE,METROPOLITAN NORTH WEST REGION,Freeway,"Freeway,Local Road",Undivided,Undivided,Metro
56816,56817,T20180011587,ABS to receive accident,Finished,2018/06/21,07:40:00,No,Collision with vehicle,Thursday,REAR END(VEHICLES IN SAME LANE),No,Day,Yes,Not at intersection,Other injury accident,80 km/hr,No,144.93178812,-37.82078603,MELBOURNE,METROPOLITAN NORTH WEST REGION,4.0,0.0,0.0,1.0,3.0,3.0,1.0,0.0,0.0,4.0,0.0,0.0,0.0,0.0,0.0,0.0,0.0,0.0,2.0,No,0.0,4.0,0.0,4.0,0.0,0.0,MELB_URBAN,MELB_URBAN,MELBOURNE,METROPOLITAN NORTH WEST REGION,Freeway,Freeway,Divided,Divided,Metro
56822,56823,T20170023753,ABS to receive accident,Finished,2017/12/12,18:00:00,Yes,Collision with vehicle,Tuesday,RIGHT NEAR (INTERSECTIONS ONLY),No,Day,Yes,T intersection,Serious injury accident,50 km/hr,No,144.96278113,-37.78099253,MELBOURNE,METROPOLITAN NORTH WEST REGION,2.0,0.0,1.0,0.0,1.0,1.0,1.0,1.0,0.0,1.0,0.0,0.0,0.0,0.0,0.0,0.0,0.0,0.0,0.0,No,0.0,2.0,0.0,1.0,0.0,0.0,MELB_URBAN,MELB_URBAN,"MELBOURNE,YARRA",METROPOLITAN NORTH WEST REGION,Local Road,Local Road,Divided,"Undivided,Divided",Metro
56899,56900,T20180014675,ABS to receive accident,Finished,2018/08/04,19:25:00,Yes,Collision with vehicle,Saturday,LANE CHANGE RIGHT (NOT OVERTAKING),No,Dark Street lights on,Yes,Not at intersection,Other injury accident,60 km/hr,No,144.95912638,-37.7864393,MELBOURNE,METROPOLITAN NORTH WEST REGION,3.0,0.0,0.0,2.0,1.0,1.0,2.0,0.0,1.0,2.0,0.0,0.0,0.0,0.0,0.0,0.0,0.0,0.0,0.0,No,0.0,2.0,0.0,1.0,0.0,1.0,MELB_URBAN,MELB_URBAN,MELBOURNE,METROPOLITAN NORTH WEST REGION,Arterial Other,Arterial Other,Divided,Divided,Metro
56905,56906,T20170023924,ABS to receive accident,Finished,2017/12/14,16:00:00,No,Collision with vehicle,Thursday,CROSS TRAFFIC(INTERSECTIONS ONLY),No,Day,Yes,Cross intersection,Serious injury accident,40 km/hr,No,144.97190066,-37.81505051,MELBOURNE,METROPOLITAN NORTH WEST REGION,2.0,0.0,1.0,0.0,1.0,2.0,0.0,1.0,0.0,1.0,0.0,0.0,0.0,0.0,0.0,0.0,0.0,0.0,0.0,No,0.0,2.0,0.0,1.0,0.0,0.0,MELBOURNE_CBD,MELBOURNE_CBD,MELBOURNE,METROPOLITAN NORTH WEST REGION,Local Road,Local Road,Divided,"Divided,Undivided",Metro
56911,56912,T20180011673,ABS to receive accident,Finished,2018/06/22,08:30:00,No,Collision with vehicle,Friday,REAR END(VEHICLES IN SAME LANE),No,Day,Yes,Not at intersection,Serious injury accident,80 km/hr,No,144.93855999,-37.77929427,MELBOURNE,METROPOLITAN NORTH WEST REGION,8.0,0.0,1.0,0.0,7.0,5.0,3.0,0.0,1.0,7.0,0.0,0.0,0.0,0.0,0.0,0.0,0.0,0.0,3.0,No,0.0,7.0,0.0,7.0,0.0,0.0,MELB_URBAN,MELB_URBAN,MELBOURNE,METROPOLITAN NORTH WEST REGION,Freeway,Freeway,Divided,Divided,Metro
56918,56919,T20180021566,ABS to receive accident,Finished,2018/11/17,23:40:00,Yes,Collision with vehicle,Saturday,VEHICLE COLLIDES WITH VEHICLE PARKED ON LEFT OF ROAD,No,Dark Street lights on,Yes,Cross intersection,Serious injury accident,80 km/hr,No,144.95444699,-37.79941364,MELBOURNE,METROPOLITAN NORTH WEST REGION,1.0,0.0,1.0,0.0,0.0,1.0,0.0,1.0,0.0,0.0,0.0,0.0,0.0,0.0,0.0,0.0,0.0,0.0,0.0,No,0.0,2.0,0.0,1.0,0.0,0.0,MELB_URBAN,MELB_URBAN,MELBOURNE,METROPOLITAN NORTH WEST REGION,Arterial Other,Arterial Other,Undivided,Undivided,Metro
56945,56946,T20180013843,ABS to receive accident,Finished,2018/07/22,18:58:00,Yes,Collision with vehicle,Sunday,LANE SIDE SWIPE (VEHICLES IN PARALLEL LANES),No,Dark Street lights on,Yes,Not at intersection,Other injury accident,80 km/hr,No,144.89901878,-37.82991782,MELBOURNE,METROPOLITAN NORTH WEST REGION,3.0,0.0,0.0,1.0,2.0,2.0,1.0,0.0,0.0,3.0,0.0,0.0,0.0,0.0,0.0,0.0,0.0,0.0,1.0,No,0.0,3.0,1.0,2.0,0.0,0.0,MELB_URBAN,MELB_URBAN,MELBOURNE,METROPOLITAN NORTH WEST REGION,Freeway,Freeway,Divided,Divided,Metro
56965,56966,T20180011815,ABS to receive accident,Finished,2018/06/22,15:30:00,No,Collision with vehicle,Friday,RIGHT THROUGH,No,Day,No,T intersection,Serious injury accident,Not known,No,144.93185999,-37.79463999,MELBOURNE,METROPOLITAN NORTH WEST REGION,2.0,0.0,1.0,1.0,0.0,1.0,1.0,1.0,0.0,1.0,0.0,0.0,0.0,0.0,0.0,0.0,0.0,0.0,0.0,No,0.0,2.0,0.0,1.0,0.0,0.0,MELB_URBAN,MELB_URBAN,MELBOURNE,METROPOLITAN NORTH WEST REGION,Local Road,Local Road,Undivided,Undivided,Metro
56968,56969,T20180011487,ABS to receive accident,Finished,2018/06/10,15:30:00,No,Collision with vehicle,Sunday,PULLING OUT (OVERTAKING),No,Day,No,Not at intersection,Other injury accident,50 km/hr,No,-1.0,-1.0,MELBOURNE,METROPOLITAN NORTH WEST REGION,3.0,0.0,0.0,1.0,2.0,1.0,2.0,0.0,0.0,0.0,0.0,0.0,1.0,2.0,0.0,0.0,0.0,0.0,0.0,No,0.0,2.0,0.0,0.0,1.0,0.0,MELB_URBAN,MELB_URBAN,MELBOURNE,METROPOLITAN NORTH WEST REGION,Local Road,Local Road,Undivided,Undivided,Metro
56985,56986,T20180024300,ABS to receive accident,Finished,2018/12/26,11:39:00,No,Collision with vehicle,Wednesday,LANE SIDE SWIPE (VEHICLES IN PARALLEL LANES),No,Day,Yes,Not at intersection,Other injury accident,40 km/hr,No,144.9562785,-37.82373595,MELBOURNE,METROPOLITAN NORTH WEST REGION,3.0,0.0,0.0,1.0,2.0,2.0,1.0,1.0,1.0,1.0,0.0,0.0,0.0,0.0,0.0,1.0,0.0,0.0,0.0,No,0.0,2.0,0.0,1.0,0.0,0.0,MELB_URBAN,MELB_URBAN,MELBOURNE,METROPOLITAN NORTH WEST REGION,Arterial Other,Arterial Other,Undivided,Undivided,Metro
57000,57001,T20180021718,ABS to receive accident,Unfinished,2018/09/21,15:30:00,No,No collision and no object struck,Friday,OTHER MANOEUVRING NOT INCLUDED IN DCAs 140-148,No,Day,No,Unknown,Other injury accident,Not known,No,144.96407868,-37.82252731,MELBOURNE,METROPOLITAN NORTH WEST REGION,2.0,0.0,0.0,1.0,1.0,0.0,1.0,0.0,0.0,0.0,1.0,0.0,0.0,1.0,0.0,0.0,1.0,0.0,0.0,No,0.0,1.0,0.0,0.0,0.0,0.0,MELB_URBAN,MELB_URBAN,MELBOURNE,METROPOLITAN NORTH WEST REGION,Arterial Highway,"Local Road,Arterial Highway",Divided,Divided,Metro
57012,57013,T20180014978,ABS to receive accident,Finished,2018/07/26,07:14:00,No,Collision with vehicle,Thursday,VEHICLE STRIKES DOOR OF PARKED/STATIONARY VEHICLE,No,Day,Yes,Not at intersection,Other injury accident,40 km/hr,No,144.9479494,-37.79373845,MELBOURNE,METROPOLITAN NORTH WEST REGION,2.0,0.0,0.0,1.0,1.0,2.0,0.0,1.0,0.0,1.0,0.0,0.0,0.0,0.0,0.0,0.0,0.0,0.0,0.0,No,0.0,2.0,0.0,0.0,0.0,0.0,MELB_URBAN,MELB_URBAN,MELBOURNE,METROPOLITAN NORTH WEST REGION,Arterial Other,Arterial Other,Divided,Divided,Metro
57054,57055,T20180012058,ABS to receive accident,Finished,2018/06/27,09:00:00,No,Collision with vehicle,Wednesday,LANE CHANGE LEFT (NOT OVERTAKING),No,Day,Yes,Not at intersection,Serious injury accident,40 km/hr,No,144.95632197,-37.81124947,MELBOURNE,METROPOLITAN NORTH WEST REGION,2.0,0.0,1.0,0.0,1.0,2.0,0.0,1.0,0.0,1.0,0.0,0.0,0.0,0.0,0.0,0.0,0.0,0.0,0.0,No,0.0,2.0,0.0,1.0,0.0,0.0,MELB_URBAN,MELB_URBAN,MELBOURNE,METROPOLITAN NORTH WEST REGION,Local Road,Local Road,Undivided,Undivided,Metro
57075,57076,T20180011789,ABS to receive accident,Finished,2018/06/22,22:55:00,Yes,Collision with vehicle,Friday,LANE CHANGE LEFT (NOT OVERTAKING),No,Dark Street lights on,Yes,Not at intersection,Serious injury accident,80 km/hr,No,144.92589066,-37.82733631,MELBOURNE,METROPOLITAN NORTH WEST REGION,4.0,0.0,1.0,0.0,3.0,4.0,0.0,0.0,0.0,4.0,0.0,0.0,0.0,0.0,0.0,0.0,0.0,1.0,1.0,No,0.0,4.0,0.0,4.0,0.0,0.0,MELB_URBAN,MELB_URBAN,MELBOURNE,METROPOLITAN NORTH WEST REGION,Freeway,Freeway,Divided,Divided,Metro
57102,57103,T20180014103,ABS to receive accident,Finished,2018/07/27,15:10:00,No,Collision with vehicle,Friday,VEHICLE COLLIDES WITH VEHICLE PARKED ON LEFT OF ROAD,No,Day,Yes,Not at intersection,Serious injury accident,50 km/hr,No,144.96766757,-37.80084358,MELBOURNE,METROPOLITAN NORTH WEST REGION,1.0,0.0,1.0,0.0,0.0,1.0,0.0,0.0,0.0,0.0,0.0,0.0,1.0,0.0,0.0,0.0,0.0,0.0,0.0,No,1.0,2.0,0.0,1.0,1.0,0.0,MELB_URBAN,MELB_URBAN,MELBOURNE,METROPOLITAN NORTH WEST REGION,Local Road,Local Road,Undivided,Undivided,Metro
57114,57115,T20180012136,ABS to receive accident,Finished,2018/06/28,18:25:00,Yes,Collision with vehicle,Thursday,LANE CHANGE LEFT (NOT OVERTAKING),No,Dark Street lights on,Yes,Not at intersection,Serious injury accident,80 km/hr,No,144.96011941,-37.82783783,MELBOURNE,METROPOLITAN NORTH WEST REGION,4.0,0.0,1.0,0.0,3.0,0.0,4.0,0.0,1.0,3.0,0.0,0.0,0.0,0.0,0.0,0.0,0.0,0.0,0.0,No,0.0,3.0,0.0,3.0,0.0,0.0,MELB_URBAN,MELB_URBAN,MELBOURNE,METROPOLITAN NORTH WEST REGION,Freeway,Freeway,Undivided,Undivided,Metro
57116,57117,T20180011851,ABS to receive accident,Finished,2018/06/24,21:34:00,Yes,Collision with vehicle,Sunday,RIGHT TURN SIDESWIPE,No,Dark Street lights on,Yes,Cross intersection,Other injury accident,40 km/hr,No,144.96158131,-37.81693392,MELBOURNE,METROPOLITAN NORTH WEST REGION,3.0,0.0,0.0,1.0,2.0,0.0,2.0,0.0,0.0,1.0,0.0,1.0,1.0,0.0,0.0,0.0,0.0,0.0,0.0,No,0.0,2.0,0.0,1.0,1.0,0.0,MELBOURNE_CBD,MELBOURNE_CBD,MELBOURNE,METROPOLITAN NORTH WEST REGION,Local Road,Local Road,Divided,"Undivided,Divided",Metro
57120,57121,T20180011917,ABS to receive accident,Unfinished,2018/06/25,17:58:00,No,Collision with vehicle,Monday,CROSS TRAFFIC(INTERSECTIONS ONLY),No,Dark Street lights on,Yes,Cross intersection,Serious injury accident,60 km/hr,No,144.94787366,-37.80777255,MELBOURNE,METROPOLITAN NORTH WEST REGION,2.0,0.0,0.0,1.0,1.0,2.0,0.0,0.0,0.0,1.0,0.0,0.0,0.0,1.0,0.0,0.0,0.0,0.0,0.0,No,0.0,2.0,0.0,1.0,1.0,0.0,MELB_URBAN,MELB_URBAN,MELBOURNE,METROPOLITAN NORTH WEST REGION,Arterial Other,"Local Road,Arterial Other",Divided,Divided,Metro
57141,57142,T20180015393,ABS to receive accident,Finished,2018/08/15,09:50:00,No,Collision with vehicle,Wednesday,LANE CHANGE RIGHT (NOT OVERTAKING),No,Day,Yes,Not at intersection,Other injury accident,80 km/hr,No,144.94755752,-37.82624771,MELBOURNE,METROPOLITAN NORTH WEST REGION,2.0,0.0,0.0,1.0,1.0,1.0,1.0,0.0,0.0,2.0,0.0,0.0,0.0,0.0,0.0,0.0,0.0,0.0,0.0,No,0.0,2.0,1.0,1.0,0.0,0.0,MELB_URBAN,MELB_URBAN,MELBOURNE,METROPOLITAN NORTH WEST REGION,Freeway,Freeway,Divided,Divided,Metro
57143,57144,T20180015433,ABS to receive accident,Finished,2018/08/15,19:43:00,Yes,Collision with vehicle,Wednesday,REAR END(VEHICLES IN SAME LANE),No,Dark Street lights unknown,Yes,Cross intersection,Other injury accident,50 km/hr,No,144.97055274,-37.82322698,MELBOURNE,METROPOLITAN NORTH WEST REGION,2.0,0.0,0.0,1.0,1.0,2.0,0.0,0.0,0.0,1.0,0.0,0.0,1.0,0.0,0.0,0.0,0.0,0.0,0.0,No,0.0,2.0,0.0,1.0,1.0,0.0,MELB_URBAN,MELB_URBAN,MELBOURNE,METROPOLITAN NORTH WEST REGION,Local Road,Local Road,Undivided,Undivided,Metro
57160,57161,T20170024367,ABS to receive accident,Finished,2017/12/20,08:15:00,No,Collision with vehicle,Wednesday,LANE CHANGE RIGHT (NOT OVERTAKING),Yes,Day,No,T intersection,Other injury accident,50 km/hr,No,144.95459707,-37.80003637,MELBOURNE,METROPOLITAN NORTH WEST REGION,2.0,0.0,0.0,1.0,1.0,1.0,0.0,1.0,0.0,0.0,0.0,0.0,0.0,1.0,0.0,0.0,0.0,0.0,0.0,No,0.0,2.0,0.0,0.0,0.0,0.0,MELB_URBAN,MELB_URBAN,MELBOURNE,METROPOLITAN NORTH WEST REGION,Local Road,Local Road,Divided,"Undivided,Divided",Metro
57164,57165,T20170024393,ABS to receive accident,Finished,2017/12/21,15:15:00,No,Collision with vehicle,Thursday,VEHICLE STRIKES DOOR OF PARKED/STATIONARY VEHICLE,No,Day,Yes,Not at intersection,Serious injury accident,60 km/hr,No,144.98006913,-37.80997932,MELBOURNE,METROPOLITAN NORTH WEST REGION,3.0,0.0,1.0,0.0,2.0,1.0,2.0,1.0,1.0,1.0,0.0,0.0,0.0,0.0,0.0,0.0,0.0,0.0,0.0,No,0.0,2.0,0.0,1.0,0.0,0.0,MELB_URBAN,MELB_URBAN,MELBOURNE,METROPOLITAN NORTH WEST REGION,Local Road,Local Road,Divided,Divided,Metro
57186,57187,T20180014284,ABS to receive accident,Finished,2018/07/30,11:55:00,No,Struck Pedestrian,Monday,PED NEAR SIDE. PED HIT BY VEHICLE FROM THE RIGHT.,No,Day,Yes,Cross intersection,Serious injury accident,40 km/hr,No,144.9709764,-37.81296275,MELBOURNE,METROPOLITAN NORTH WEST REGION,2.0,0.0,1.0,0.0,1.0,1.0,1.0,0.0,0.0,1.0,1.0,0.0,0.0,0.0,0.0,0.0,0.0,0.0,0.0,No,0.0,1.0,0.0,1.0,0.0,0.0,MELBOURNE_CBD,MELBOURNE_CBD,MELBOURNE,METROPOLITAN NORTH WEST REGION,Local Road,Local Road,Divided,"Divided,Undivided",Metro
57188,57189,T20180014299,ABS to receive accident,Finished,2018/07/24,18:45:00,Yes,Collision with vehicle,Tuesday,OTHER ACCIDENTS-OFF STRAIGHT NOT INCLUDED IN DCAs 170-175,No,Dark Street lights on,No,Not at intersection,Serious injury accident,40 km/hr,No,144.96953003,-37.80981223,MELBOURNE,METROPOLITAN NORTH WEST REGION,2.0,0.0,1.0,0.0,1.0,1.0,1.0,1.0,0.0,1.0,0.0,0.0,0.0,0.0,0.0,0.0,0.0,0.0,0.0,No,0.0,2.0,0.0,1.0,0.0,0.0,MELBOURNE_CBD,MELBOURNE_CBD,MELBOURNE,METROPOLITAN NORTH WEST REGION,Local Road,Local Road,Divided,Divided,Metro
57205,57206,T20180015493,ABS to receive accident,Finished,2018/08/16,14:55:00,No,Collision with vehicle,Thursday,CROSS TRAFFIC(INTERSECTIONS ONLY),No,Day,Yes,Cross intersection,Other injury accident,40 km/hr,No,144.95393299,-37.81244768,MELBOURNE,METROPOLITAN NORTH WEST REGION,3.0,0.0,0.0,2.0,1.0,1.0,0.0,0.0,1.0,2.0,0.0,0.0,0.0,0.0,0.0,0.0,0.0,0.0,0.0,No,0.0,2.0,0.0,2.0,0.0,0.0,MELBOURNE_CBD,"MELB_URBAN,MELBOURNE_CBD",MELBOURNE,METROPOLITAN NORTH WEST REGION,Arterial Other,"Local Road,Arterial Other",Divided,"Undivided,Divided",Metro
57230,57231,T20180012295,ABS to receive accident,Finished,2018/06/30,19:30:00,Yes,Collision with vehicle,Saturday,RIGHT TURN SIDESWIPE,No,Dark Street lights on,Yes,Not at intersection,Serious injury accident,40 km/hr,No,144.96855016,-37.81378407,MELBOURNE,METROPOLITAN NORTH WEST REGION,2.0,0.0,1.0,0.0,1.0,1.0,1.0,0.0,0.0,2.0,0.0,0.0,0.0,0.0,0.0,0.0,0.0,0.0,1.0,No,0.0,2.0,0.0,2.0,0.0,0.0,MELBOURNE_CBD,MELBOURNE_CBD,MELBOURNE,METROPOLITAN NORTH WEST REGION,Local Road,Local Road,Divided,"Divided,Undivided",Metro
57248,57249,T20180014383,ABS to receive accident,Finished,2018/07/31,15:54:00,No,Collision with vehicle,Tuesday,REAR END(VEHICLES IN SAME LANE),No,Day,Yes,Not at intersection,Serious injury accident,60 km/hr,No,144.95454389,-37.79946787,MELBOURNE,METROPOLITAN NORTH WEST REGION,4.0,0.0,1.0,0.0,3.0,3.0,1.0,0.0,1.0,3.0,0.0,0.0,0.0,0.0,0.0,0.0,0.0,0.0,2.0,No,0.0,3.0,0.0,3.0,0.0,0.0,MELB_URBAN,MELB_URBAN,MELBOURNE,METROPOLITAN NORTH WEST REGION,Arterial Other,Arterial Other,Undivided,Undivided,Metro
57265,57266,T20170024590,ABS to receive accident,Finished,2017/12/23,11:05:00,No,Struck Pedestrian,Friday,PED NEAR SIDE. PED HIT BY VEHICLE FROM THE RIGHT.,No,Unk.,No,Not at intersection,Other injury accident,40 km/hr,No,144.96085699,-37.81538188,MELBOURNE,METROPOLITAN NORTH WEST REGION,3.0,0.0,0.0,1.0,2.0,0.0,3.0,0.0,1.0,1.0,1.0,0.0,0.0,0.0,0.0,0.0,0.0,0.0,0.0,No,0.0,1.0,0.0,1.0,0.0,0.0,MELBOURNE_CBD,MELBOURNE_CBD,MELBOURNE,METROPOLITAN NORTH WEST REGION,Local Road,Local Road,Divided,Divided,Metro
57301,57302,T20180012399,ABS to receive accident,Finished,2018/06/30,21:45:00,Yes,Struck Pedestrian,Saturday,PED PLAYING/LYING/WORKING/STANDING ON CARRIAGEWAY.,No,Dark Street lights on,Yes,Not at intersection,Other injury accident,40 km/hr,No,144.95402596,-37.81916915,MELBOURNE,METROPOLITAN NORTH WEST REGION,2.0,0.0,0.0,1.0,1.0,2.0,0.0,0.0,0.0,1.0,1.0,0.0,0.0,0.0,0.0,0.0,0.0,0.0,0.0,No,0.0,1.0,0.0,1.0,0.0,0.0,MELB_URBAN,MELB_URBAN,MELBOURNE,METROPOLITAN NORTH WEST REGION,Local Road,Local Road,Undivided,Undivided,Metro
57308,57309,T20180022339,ABS to receive accident,Finished,2018/11/28,18:15:00,Yes,Vehicle overturned (no collision),Wednesday,OUT OF CONTROL ON CARRIAGEWAY (ON STRAIGHT),No,Day,Yes,Not at intersection,Other injury accident,60 km/hr,No,144.97006474,-37.79979691,MELBOURNE,METROPOLITAN NORTH WEST REGION,1.0,0.0,0.0,1.0,0.0,1.0,0.0,1.0,0.0,0.0,0.0,0.0,0.0,0.0,0.0,0.0,0.0,0.0,0.0,No,0.0,1.0,0.0,0.0,0.0,0.0,MELB_URBAN,MELB_URBAN,MELBOURNE,METROPOLITAN NORTH WEST REGION,Local Road,Local Road,Divided,Divided,Metro
57317,57318,T20180012351,ABS to receive accident,Finished,2018/06/29,01:25:00,Yes,Collision with vehicle,Friday,RIGHT THROUGH,No,Dark Street lights on,Yes,Cross intersection,Other injury accident,60 km/hr,No,144.94864893,-37.80547241,MELBOURNE,METROPOLITAN NORTH WEST REGION,2.0,0.0,0.0,1.0,1.0,1.0,1.0,0.0,0.0,2.0,0.0,0.0,0.0,0.0,0.0,0.0,0.0,0.0,1.0,No,0.0,2.0,0.0,2.0,0.0,0.0,MELB_URBAN,MELB_URBAN,MELBOURNE,METROPOLITAN NORTH WEST REGION,Arterial Other,"Arterial Other,Local Road",Divided,Divided,Metro
57355,57356,T20180022453,ABS to receive accident,Finished,2018/11/29,18:15:00,Yes,Collision with vehicle,Thursday,RIGHT NEAR (INTERSECTIONS ONLY),No,Unk.,No,T intersection,Serious injury accident,50 km/hr,No,-1.0,-1.0,MELBOURNE,METROPOLITAN NORTH WEST REGION,2.0,0.0,1.0,0.0,1.0,2.0,0.0,0.0,0.0,1.0,0.0,0.0,1.0,0.0,0.0,0.0,0.0,0.0,0.0,No,0.0,2.0,0.0,1.0,1.0,0.0,MELB_URBAN,MELB_URBAN,MELBOURNE,METROPOLITAN NORTH WEST REGION,Arterial Other,"Local Road,Arterial Other",Divided,Divided,Metro
57362,57363,T20180012548,ABS to receive accident,Finished,2018/07/04,16:18:00,No,Struck Pedestrian,Wednesday,PED NEAR SIDE. PED HIT BY VEHICLE FROM THE RIGHT.,No,Day,Yes,Cross intersection,Other injury accident,60 km/hr,No,144.97741447,-37.84135798,MELBOURNE,METROPOLITAN NORTH WEST REGION,2.0,0.0,0.0,1.0,1.0,0.0,1.0,0.0,0.0,1.0,1.0,0.0,0.0,0.0,0.0,0.0,0.0,0.0,0.0,No,0.0,1.0,0.0,1.0,0.0,0.0,MELB_URBAN,MELB_URBAN,"MELBOURNE,PORT PHILLIP",METROPOLITAN NORTH WEST REGION,Arterial Other,"Arterial Other,Local Road",Divided,"Divided,Undivided",Metro
57383,57384,T20170024663,ABS to receive accident,Finished,2017/11/02,12:30:00,No,Collision with vehicle,Wednesday,U TURN,No,Day,No,Not at intersection,Other injury accident,40 km/hr,No,144.95815425,-37.81791632,MELBOURNE,METROPOLITAN NORTH WEST REGION,2.0,0.0,0.0,1.0,1.0,2.0,0.0,1.0,0.0,1.0,0.0,0.0,0.0,0.0,0.0,0.0,0.0,0.0,0.0,No,0.0,2.0,0.0,1.0,0.0,0.0,MELBOURNE_CBD,MELBOURNE_CBD,MELBOURNE,METROPOLITAN NORTH WEST REGION,Local Road,Local Road,Undivided,Undivided,Metro
57391,57392,T20190000453,ABS to receive accident,Finished,2019/01/08,20:25:00,Yes,Collision with vehicle,Tuesday,REAR END(VEHICLES IN SAME LANE),Yes,Dusk/Dawn,Yes,Not at intersection,Other injury accident,60 km/hr,No,144.97649822,-37.8394507,MELBOURNE,METROPOLITAN NORTH WEST REGION,4.0,0.0,0.0,1.0,3.0,4.0,0.0,0.0,0.0,4.0,0.0,0.0,0.0,0.0,0.0,0.0,0.0,0.0,0.0,Yes,0.0,4.0,0.0,4.0,0.0,0.0,MELB_URBAN,MELB_URBAN,"MELBOURNE,PORT PHILLIP",METROPOLITAN NORTH WEST REGION,Arterial Other,Arterial Other,Divided,Divided,Metro
57436,57437,T20170024824,ABS to receive accident,Finished,2017/12/29,09:10:00,No,Collision with vehicle,Friday,RIGHT THROUGH,No,Day,Yes,Cross intersection,Other injury accident,50 km/hr,No,144.97564277,-37.80952067,MELBOURNE,METROPOLITAN NORTH WEST REGION,3.0,0.0,0.0,2.0,1.0,1.0,2.0,0.0,1.0,2.0,0.0,0.0,0.0,0.0,0.0,0.0,0.0,0.0,0.0,No,0.0,2.0,0.0,2.0,0.0,0.0,MELB_URBAN,MELB_URBAN,MELBOURNE,METROPOLITAN NORTH WEST REGION,Local Road,Local Road,Divided,"Undivided,Divided",Metro