,OBJECTID,ACCIDENT_NO,ABS_CODE,ACCIDENT_STATUS,ACCIDENT_DATE,ACCIDENT_TIME,ALCOHOLTIME,ACCIDENT_TYPE,DAY_OF_WEEK,DCA_CODE,HIT_RUN_FLAG,LIGHT_CONDITION,POLICE_ATTEND,ROAD_GEOMETRY,SEVERITY,SPEED_ZONE,RUN_OFFROAD,LONGITUDE,LATITUDE,LGA_NAME,REGION_NAME,TOTAL_PERSONS,FATALITY,SERIOUSINJURY,OTHERINJURY,NONINJURED,MALES,FEMALES,BICYCLIST,PASSENGER,DRIVER,PEDESTRIAN,PILLION,MOTORIST,UNKNOWN,PED_CYCLIST_5_12,PED_CYCLIST_13_18,OLD_PEDESTRIAN,OLD_DRIVER,YOUNG_DRIVER,ALCOHOL_RELATED,UNLICENCSED,NO_OF_VEHICLES,HEAVYVEHICLE,PASSENGERVEHICLE,MOTORCYCLE,PUBLICVEHICLE,DEG_URBAN_NAME,DEG_URBAN_ALL,LGA_NAME_ALL,REGION_NAME_ALL,RMA,RMA_ALL,DIVIDED,DIVIDED_ALL,STAT_DIV_NAME
62931,62932,T20190000870,ABS to receive accident,Finished,2019/01/15,19:50:00,Yes,Collision with vehicle,Tuesday,RIGHT TURN SIDESWIPE,No,Day,Yes,Cross intersection,Serious injury accident,60 km/hr,No,144.94814777,-37.8251399,MELBOURNE,METROPOLITAN NORTH WEST REGION,2.0,0.0,1.0,0.0,1.0,2.0,0.0,0.0,0.0,1.0,0.0,0.0,1.0,0.0,0.0,0.0,0.0,0.0,0.0,No,0.0,2.0,0.0,1.0,1.0,0.0,MELB_URBAN,MELB_URBAN,MELBOURNE,METROPOLITAN NORTH WEST REGION,Arterial Highway,"Arterial Other,Arterial Highway",Divided,Divided,Metro
62936,62937,T20190000943,ABS to receive accident,Finished,2019/01/16,21:10:00,Yes,Struck Pedestrian,Tuesday,PED NEAR SIDE. PED HIT BY VEHICLE FROM THE RIGHT.,No,Dark Street lights on,Yes,T intersection,Other injury accident,40 km/hr,No,144.97866704,-37.82343133,MELBOURNE,METROPOLITAN NORTH WEST REGION,2.0,0.0,0.0,1.0,1.0,2.0,0.0,0.0,0.0,1.0,1.0,0.0,0.0,0.0,0.0,0.0,0.0,0.0,1.0,No,0.0,1.0,0.0,1.0,0.0,0.0,MELB_URBAN,MELB_URBAN,MELBOURNE,METROPOLITAN NORTH WEST REGION,Freeway,"Arterial Highway,Freeway",Divided,Divided,Metro
62971,62972,T20190000989,ABS to receive accident,Finished,2019/01/17,17:20:00,No,Collision with vehicle,Thursday,RIGHT NEAR (INTERSECTIONS ONLY),Not known,Day,Yes,T intersection,Other injury accident,60 km/hr,No,144.95490386,-37.8084389,MELBOURNE,METROPOLITAN NORTH WEST REGION,2.0,0.0,0.0,1.0,1.0,1.0,1.0,0.0,0.0,1.0,0.0,0.0,1.0,0.0,0.0,0.0,0.0,0.0,0.0,No,0.0,2.0,0.0,1.0,1.0,0.0,MELB_URBAN,MELB_URBAN,MELBOURNE,METROPOLITAN NORTH WEST REGION,Arterial Other,"Local Road,Arterial Other",Divided,"Divided,Undivided",Metro
62974,62975,T20190001020,ABS to receive accident,Finished,2019/01/18,08:22:00,No,Collision with vehicle,Friday,CROSS TRAFFIC(INTERSECTIONS ONLY),No,Day,Yes,Cross intersection,Serious injury accident,60 km/hr,No,144.95654349,-37.80383048,MELBOURNE,METROPOLITAN NORTH WEST REGION,2.0,0.0,1.0,0.0,1.0,2.0,0.0,1.0,0.0,1.0,0.0,0.0,0.0,0.0,0.0,0.0,0.0,0.0,0.0,No,0.0,2.0,1.0,0.0,0.0,0.0,MELB_URBAN,MELB_URBAN,MELBOURNE,METROPOLITAN NORTH WEST REGION,Arterial Other,"Arterial Other,Local Road",Divided,"Undivided,Divided",Metro
62982,62983,T20190009857,ABS to receive accident,Finished,2019/05/26,09:30:00,Yes,Collision with vehicle,Sunday,VEHICLE COLLIDES WITH VEHICLE PARKED ON LEFT OF ROAD,No,Day,Yes,Not at intersection,Other injury accident,30km/hr,No,145.45753241,-38.06019267,MELBOURNE,METROPOLITAN NORTH WEST REGION,1.0,0.0,0.0,1.0,0.0,1.0,0.0,0.0,0.0,1.0,0.0,0.0,0.0,0.0,0.0,0.0,0.0,1.0,0.0,No,0.0,2.0,0.0,1.0,0.0,0.0,MELB_URBAN,MELB_URBAN,MELBOURNE,METROPOLITAN NORTH WEST REGION,Arterial Other,Arterial Other,Undivided,Undivided,Metro
62996,62997,T20180022901,ABS to receive accident,Finished,2018/12/06,16:45:00,No,Collision with vehicle,Thursday,RIGHT THROUGH,No,Day,Yes,T intersection,Other injury accident,60 km/hr,No,144.95786406,-37.79711968,MELBOURNE,METROPOLITAN NORTH WEST REGION,2.0,0.0,0.0,1.0,1.0,2.0,0.0,0.0,0.0,1.0,0.0,0.0,1.0,0.0,0.0,0.0,0.0,0.0,0.0,No,0.0,2.0,0.0,1.0,1.0,0.0,MELB_URBAN,MELB_URBAN,MELBOURNE,METROPOLITAN NORTH WEST REGION,Arterial Other,"Arterial Other,Local Road",Divided,Divided,Metro
63016,63017,T20190001057,ABS to receive accident,Finished,2019/01/18,14:00:00,No,Vehicle overturned (no collision),Thursday,OUT OF CONTROL ON CARRIAGEWAY (ON STRAIGHT),No,Day,Yes,Multiple intersection,Other injury accident,40 km/hr,No,144.96122041,-37.81019031,MELBOURNE,METROPOLITAN NORTH WEST REGION,3.0,0.0,0.0,1.0,2.0,1.0,2.0,1.0,1.0,1.0,0.0,0.0,0.0,0.0,0.0,0.0,0.0,0.0,0.0,No,0.0,2.0,0.0,1.0,0.0,0.0,MELB_URBAN,MELB_URBAN,MELBOURNE,METROPOLITAN NORTH WEST REGION,Local Road,Local Road,Undivided,Undivided,Metro
63083,63084,T20180023060,ABS to receive accident,Finished,2018/12/08,17:37:00,Yes,Collision with vehicle,Friday,RIGHT FAR (INTERSECTIONS ONLY),No,Day,Yes,Cross intersection,Other injury accident,60 km/hr,No,144.93591459,-37.80979847,MELBOURNE,METROPOLITAN NORTH WEST REGION,2.0,0.0,0.0,1.0,1.0,2.0,0.0,0.0,0.0,2.0,0.0,0.0,0.0,0.0,0.0,0.0,0.0,0.0,1.0,No,0.0,2.0,0.0,2.0,0.0,0.0,MELB_URBAN,MELB_URBAN,MELBOURNE,METROPOLITAN NORTH WEST REGION,Arterial Highway,"Arterial Highway,Local Road",Divided,"Undivided,Divided",Metro
63114,63115,T20190003128,ABS to receive accident,Finished,2019/02/18,16:20:00,No,Collision with vehicle,Monday,REAR END(VEHICLES IN SAME LANE),Yes,Day,Yes,Cross intersection,Serious injury accident,Not known,No,144.94587551,-37.80053704,MELBOURNE,METROPOLITAN NORTH WEST REGION,2.0,0.0,1.0,0.0,1.0,2.0,0.0,0.0,0.0,1.0,0.0,0.0,1.0,0.0,0.0,0.0,0.0,0.0,0.0,No,0.0,2.0,0.0,1.0,1.0,0.0,MELB_URBAN,MELB_URBAN,MELBOURNE,METROPOLITAN NORTH WEST REGION,Local Road,Local Road,Undivided,Undivided,Metro
63125,63126,T20190001290,ABS to receive accident,Finished,2019/01/18,18:30:00,Yes,Collision with vehicle,Friday,VEHICLE STRIKES DOOR OF PARKED/STATIONARY VEHICLE,No,Day,No,T intersection,Serious injury accident,60 km/hr,No,144.97009976,-37.81441882,MELBOURNE,METROPOLITAN NORTH WEST REGION,2.0,0.0,1.0,0.0,1.0,0.0,2.0,1.0,0.0,1.0,0.0,0.0,0.0,0.0,0.0,0.0,0.0,0.0,1.0,No,0.0,2.0,0.0,1.0,0.0,0.0,MELBOURNE_CBD,MELBOURNE_CBD,MELBOURNE,METROPOLITAN NORTH WEST REGION,Local Road,Local Road,Undivided,Undivided,Metro
63127,63128,T20190010118,ABS to receive accident,Finished,2019/05/29,15:50:00,No,Collision with vehicle,Wednesday,RIGHT THROUGH,No,Day,Yes,Cross intersection,Other injury accident,40 km/hr,No,144.9566334,-37.81835363,MELBOURNE,METROPOLITAN NORTH WEST REGION,3.0,0.0,0.0,1.0,2.0,3.0,0.0,0.0,1.0,2.0,0.0,0.0,0.0,0.0,0.0,0.0,0.0,0.0,0.0,No,0.0,2.0,0.0,2.0,0.0,0.0,MELBOURNE_CBD,MELBOURNE_CBD,MELBOURNE,METROPOLITAN NORTH WEST REGION,Arterial Other,"Arterial Other,Local Road",Divided,"Undivided,Divided",Metro
63137,63138,T20180011463,ABS to receive accident,Finished,2018/06/19,08:50:00,No,Collision with vehicle,Monday,REAR END(VEHICLES IN SAME LANE),No,Day,Yes,Not at intersection,Other injury accident,70 km/hr,No,144.94399556,-37.81236225,MELBOURNE,METROPOLITAN NORTH WEST REGION,2.0,0.0,0.0,1.0,1.0,1.0,1.0,0.0,0.0,1.0,0.0,0.0,1.0,0.0,0.0,0.0,0.0,0.0,0.0,No,0.0,2.0,0.0,1.0,1.0,0.0,MELB_URBAN,MELB_URBAN,MELBOURNE,METROPOLITAN NORTH WEST REGION,Arterial Highway,Arterial Highway,Divided,Divided,Metro
63187,63188,T20190001472,ABS to receive accident,Finished,2019/01/25,11:08:00,No,Collision with vehicle,Thursday,LEFT REAR,No,Day,Yes,Cross intersection,Other injury accident,40 km/hr,No,144.95500915,-37.82109429,MELBOURNE,METROPOLITAN NORTH WEST REGION,3.0,0.0,0.0,1.0,2.0,1.0,0.0,0.0,1.0,2.0,0.0,0.0,0.0,0.0,0.0,0.0,0.0,0.0,0.0,No,0.0,2.0,0.0,2.0,0.0,0.0,MELBOURNE_CBD,"MELB_URBAN,MELBOURNE_CBD",MELBOURNE,METROPOLITAN NORTH WEST REGION,Arterial Other,"Local Road,Arterial Other",Undivided,Undivided,Metro
63200,63201,T20190010347,ABS to receive accident,Finished,2019/06/02,16:55:00,No,Collision with vehicle,Sunday,RIGHT THROUGH,No,Dusk/Dawn,Yes,Cross intersection,Serious injury accident,60 km/hr,No,144.97295855,-37.80925989,MELBOURNE,METROPOLITAN NORTH WEST REGION,4.0,0.0,1.0,1.0,2.0,2.0,2.0,0.0,2.0,2.0,0.0,0.0,0.0,0.0,0.0,0.0,0.0,0.0,1.0,No,0.0,2.0,0.0,2.0,0.0,0.0,MELB_URBAN,MELB_URBAN,MELBOURNE,METROPOLITAN NORTH WEST REGION,Local Road,Local Road,Divided,"Undivided,Divided",Metro
63208,63209,T20180011627,ABS to receive accident,Finished,2018/06/21,14:05:00,No,Collision with vehicle,Thursday,LANE CHANGE LEFT (NOT OVERTAKING),No,Day,Yes,Not at intersection,Other injury accident,80 km/hr,No,144.89924315,-37.83026995,MELBOURNE,METROPOLITAN NORTH WEST REGION,5.0,0.0,0.0,1.0,4.0,3.0,2.0,0.0,1.0,4.0,0.0,0.0,0.0,0.0,0.0,0.0,0.0,0.0,1.0,No,0.0,4.0,3.0,1.0,0.0,0.0,MELB_URBAN,MELB_URBAN,MELBOURNE,METROPOLITAN NORTH WEST REGION,Freeway,Freeway,Divided,Divided,Metro
63209,63210,T20180011676,ABS to receive accident,Finished,2018/06/22,10:00:00,No,Collision with vehicle,Friday,LANE CHANGE RIGHT (NOT OVERTAKING),No,Day,Yes,Not at intersection,Other injury accident,40 km/hr,No,144.96908604,-37.81502872,MELBOURNE,METROPOLITAN NORTH WEST REGION,2.0,0.0,0.0,1.0,1.0,2.0,0.0,0.0,0.0,1.0,0.0,0.0,1.0,0.0,0.0,0.0,0.0,0.0,0.0,No,0.0,2.0,0.0,1.0,1.0,0.0,MELBOURNE_CBD,MELBOURNE_CBD,MELBOURNE,METROPOLITAN NORTH WEST REGION,Local Road,Local Road,Divided,Divided,Metro
63210,63211,T20180011677,ABS to receive accident,Finished,2018/06/21,18:05:00,Yes,Collision with vehicle,Thursday,REAR END(VEHICLES IN SAME LANE),No,Dark Street lights on,Yes,Multiple intersection,Other injury accident,60 km/hr,No,144.93717768,-37.82561442,MELBOURNE,METROPOLITAN NORTH WEST REGION,3.0,0.0,0.0,1.0,2.0,1.0,2.0,0.0,0.0,3.0,0.0,0.0,0.0,0.0,0.0,0.0,0.0,0.0,0.0,No,0.0,3.0,0.0,3.0,0.0,0.0,MELB_URBAN,MELB_URBAN,MELBOURNE,METROPOLITAN NORTH WEST REGION,Freeway,"Freeway,Local Road",Divided,"Divided,Undivided",Metro
63249,63250,T20190003471,ABS to receive accident,Finished,2019/02/21,18:45:00,Yes,Collision with vehicle,Wednesday,OTHER OVERTAKING MANOEUVRES NOT INCLUDED IN DCAs 150-154,Yes,Day,No,T intersection,Other injury accident,40 km/hr,No,144.96367498,-37.80247403,MELBOURNE,METROPOLITAN NORTH WEST REGION,2.0,0.0,0.0,1.0,1.0,0.0,1.0,1.0,0.0,0.0,0.0,0.0,0.0,1.0,0.0,0.0,0.0,0.0,0.0,No,0.0,2.0,0.0,0.0,0.0,0.0,MELB_URBAN,MELB_URBAN,MELBOURNE,METROPOLITAN NORTH WEST REGION,Local Road,Local Road,Divided,"Divided,Undivided",Metro
63250,63251,T20190003476,ABS to receive accident,Finished,2019/02/22,19:00:00,Yes,Collision with vehicle,Friday,REAR END(VEHICLES IN SAME LANE),No,Day,Yes,Not at intersection,Other injury accident,80 km/hr,No,144.91473455,-37.83245428,MELBOURNE,METROPOLITAN NORTH WEST REGION,2.0,0.0,0.0,1.0,1.0,0.0,2.0,0.0,0.0,2.0,0.0,0.0,0.0,0.0,0.0,0.0,0.0,0.0,1.0,No,0.0,2.0,0.0,2.0,0.0,0.0,MELB_URBAN,MELB_URBAN,MELBOURNE,METROPOLITAN NORTH WEST REGION,Freeway,Freeway,Divided,Divided,Metro
63264,63265,T20180023625,ABS to receive accident,Finished,2018/12/16,00:05:00,Yes,Collision with vehicle,Sunday,CROSS TRAFFIC(INTERSECTIONS ONLY),No,Dark Street lights on,Yes,Cross intersection,Other injury accident,50 km/hr,No,144.95234977,-37.80919285,MELBOURNE,METROPOLITAN NORTH WEST REGION,3.0,0.0,0.0,1.0,2.0,3.0,0.0,1.0,1.0,1.0,0.0,0.0,0.0,0.0,0.0,0.0,0.0,0.0,1.0,No,0.0,2.0,0.0,1.0,0.0,0.0,MELB_URBAN,MELB_URBAN,MELBOURNE,METROPOLITAN NORTH WEST REGION,Arterial Other,Arterial Other,Divided,"Undivided,Divided",Metro
63272,63273,T20190000206,ABS to receive accident,Finished,2019/01/04,15:44:00,No,Collision with vehicle,Friday,RIGHT THROUGH,No,Day,Yes,T intersection,Other injury accident,60 km/hr,No,144.95218975,-37.82184703,MELBOURNE,METROPOLITAN NORTH WEST REGION,2.0,0.0,0.0,1.0,1.0,1.0,1.0,0.0,0.0,2.0,0.0,0.0,0.0,0.0,0.0,0.0,0.0,0.0,0.0,No,0.0,2.0,0.0,2.0,0.0,0.0,MELB_URBAN,MELB_URBAN,MELBOURNE,METROPOLITAN NORTH WEST REGION,Arterial Highway,"Arterial Highway,Non Arterial,Local Road",Divided,"Undivided,Divided",Metro
63293,63294,T20180023729,ABS to receive accident,Finished,2018/12/17,16:15:00,Yes,Collision with vehicle,Sunday,REAR END(VEHICLES IN SAME LANE),No,Day,Yes,Not at intersection,Serious injury accident,60 km/hr,No,144.94350514,-37.80024677,MELBOURNE,METROPOLITAN NORTH WEST REGION,2.0,0.0,1.0,0.0,1.0,2.0,0.0,0.0,0.0,2.0,0.0,0.0,0.0,0.0,0.0,0.0,0.0,0.0,1.0,No,0.0,2.0,0.0,2.0,0.0,0.0,MELB_URBAN,MELB_URBAN,MELBOURNE,METROPOLITAN NORTH WEST REGION,Local Road,Local Road,Undivided,Undivided,Metro
63303,63304,T20190001732,ABS to receive accident,Finished,2019/01/23,15:30:00,No,Collision with vehicle,Wednesday,REVERSING IN STREAM OF TRAFFIC,Yes,Day,Yes,T intersection,Other injury accident,50 km/hr,No,144.96909098,-37.81508259,MELBOURNE,METROPOLITAN NORTH WEST REGION,2.0,0.0,0.0,1.0,1.0,1.0,0.0,0.0,0.0,1.0,0.0,0.0,1.0,0.0,0.0,0.0,0.0,0.0,1.0,No,0.0,2.0,0.0,1.0,1.0,0.0,MELBOURNE_CBD,MELBOURNE_CBD,MELBOURNE,METROPOLITAN NORTH WEST REGION,Local Road,Local Road,Divided,Divided,Metro
63400,63401,T20180023973,ABS to receive accident,Finished,2018/12/20,16:00:00,No,Collision with vehicle,Thursday,VEHICLE STRIKES DOOR OF PARKED/STATIONARY VEHICLE,No,Day,No,T intersection,Serious injury accident,40 km/hr,No,144.96301663,-37.81427976,MELBOURNE,METROPOLITAN NORTH WEST REGION,3.0,0.0,1.0,0.0,2.0,0.0,1.0,1.0,1.0,1.0,0.0,0.0,0.0,0.0,0.0,0.0,0.0,0.0,0.0,No,0.0,2.0,0.0,1.0,0.0,0.0,MELBOURNE_CBD,MELBOURNE_CBD,MELBOURNE,METROPOLITAN NORTH WEST REGION,Local Road,Local Road,Undivided,Undivided,Metro
63409,63410,T20190003763,ABS to receive accident,Finished,2019/02/26,17:15:00,No,Vehicle overturned (no collision),Tuesday,OUT OF CONTROL ON CARRIAGEWAY (ON STRAIGHT),No,Day,Yes,T intersection,Other injury accident,40 km/hr,No,144.96577596,-37.81123764,MELBOURNE,METROPOLITAN NORTH WEST REGION,2.0,0.0,0.0,1.0,1.0,1.0,0.0,0.0,0.0,1.0,0.0,0.0,1.0,0.0,0.0,0.0,0.0,0.0,0.0,No,0.0,2.0,0.0,1.0,1.0,0.0,MELBOURNE_CBD,MELBOURNE_CBD,MELBOURNE,METROPOLITAN NORTH WEST REGION,Local Road,Local Road,Divided,Divided,Metro
63423,63424,T20190010854,ABS to receive accident,Finished,2019/05/31,17:58:00,Yes,Collision with vehicle,Friday,ENTERING PARKING,No,Dusk/Dawn,No,Not at intersection,Other injury accident,40 km/hr,No,144.96046613,-37.81448209,MELBOURNE,METROPOLITAN NORTH WEST REGION,2.0,0.0,0.0,1.0,1.0,1.0,0.0,0.0,0.0,1.0,0.0,0.0,1.0,0.0,0.0,0.0,0.0,0.0,0.0,No,0.0,2.0,0.0,1.0,1.0,0.0,MELBOURNE_CBD,MELBOURNE_CBD,MELBOURNE,METROPOLITAN NORTH WEST REGION,Local Road,Local Road,Divided,Divided,Metro
63439,63440,T20190000544,ABS to receive accident,Finished,2019/01/10,15:30:00,No,Struck Pedestrian,Wednesday,FAR SIDE. PED HIT BY VEHICLE FROM THE LEFT,No,Day,Yes,Not at intersection,Other injury accident,40 km/hr,No,144.96382449,-37.81556982,MELBOURNE,METROPOLITAN NORTH WEST REGION,2.0,0.0,0.0,1.0,1.0,1.0,1.0,0.0,0.0,1.0,1.0,0.0,0.0,0.0,0.0,0.0,1.0,0.0,0.0,No,0.0,1.0,0.0,1.0,0.0,0.0,MELBOURNE_CBD,MELBOURNE_CBD,MELBOURNE,METROPOLITAN NORTH WEST REGION,Local Road,Local Road,Undivided,Undivided,Metro
63532,63533,T20190002485,ABS to receive accident,Finished,2019/02/08,22:20:00,Yes,Collision with vehicle,Friday,REAR END(VEHICLES IN SAME LANE),No,Dark Street lights on,Yes,Not at intersection,Other injury accident,40 km/hr,No,144.95674204,-37.8123045,MELBOURNE,METROPOLITAN NORTH WEST REGION,2.0,0.0,0.0,1.0,1.0,1.0,1.0,0.0,0.0,2.0,0.0,0.0,0.0,0.0,0.0,0.0,0.0,0.0,0.0,No,0.0,2.0,0.0,2.0,0.0,0.0,MELBOURNE_CBD,MELBOURNE_CBD,MELBOURNE,METROPOLITAN NORTH WEST REGION,Local Road,Local Road,Undivided,Undivided,Metro
63543,63544,T20190000701,ABS to receive accident,Finished,2019/01/13,01:24:00,Yes,Struck Pedestrian,Sunday,FAR SIDE. PED HIT BY VEHICLE FROM THE LEFT,No,Dark Street lights on,Yes,Cross intersection,Other injury accident,60 km/hr,No,144.97483859,-37.79798935,MELBOURNE,METROPOLITAN NORTH WEST REGION,2.0,0.0,0.0,1.0,1.0,2.0,0.0,0.0,0.0,1.0,1.0,0.0,0.0,0.0,0.0,0.0,0.0,0.0,0.0,No,0.0,1.0,0.0,1.0,0.0,0.0,MELB_URBAN,MELB_URBAN,"MELBOURNE,YARRA",METROPOLITAN NORTH WEST REGION,Arterial Other,"Arterial Other,Local Road",Divided,"Undivided,Divided",Metro
63655,63656,T20190004303,ABS to receive accident,Finished,2019/03/06,08:40:00,No,Collision with vehicle,Tuesday,CROSS TRAFFIC(INTERSECTIONS ONLY),No,Day,Yes,Cross intersection,Serious injury accident,50 km/hr,No,144.95745156,-37.80392485,MELBOURNE,METROPOLITAN NORTH WEST REGION,2.0,0.0,1.0,0.0,1.0,2.0,0.0,1.0,0.0,1.0,0.0,0.0,0.0,0.0,0.0,0.0,0.0,0.0,0.0,No,0.0,2.0,0.0,1.0,0.0,0.0,MELB_URBAN,MELB_URBAN,MELBOURNE,METROPOLITAN NORTH WEST REGION,Local Road,Local Road,Undivided,Undivided,Metro
63665,63666,T20190002829,ABS to receive accident,Finished,2019/02/14,13:00:00,No,Collision with vehicle,Wednesday,LEFT TURN SIDESWIPE,No,Day,Yes,T intersection,Other injury accident,60 km/hr,No,144.95852208,-37.80612256,MELBOURNE,METROPOLITAN NORTH WEST REGION,2.0,0.0,0.0,1.0,1.0,0.0,1.0,1.0,0.0,1.0,0.0,0.0,0.0,0.0,0.0,0.0,0.0,0.0,0.0,No,0.0,2.0,0.0,1.0,0.0,0.0,MELB_URBAN,MELB_URBAN,MELBOURNE,METROPOLITAN NORTH WEST REGION,Arterial Other,"Arterial Other,Local Road",Undivided,Undivided,Metro
63697,63698,T20190002949,ABS to receive accident,Finished,2019/02/14,04:40:00,Yes,Collision with vehicle,Thursday,PULLING OUT -REAR END,No,Dark Street lights on,Yes,Not at intersection,Serious injury accident,100 km/hr,No,144.93934359,-37.78065054,MELBOURNE,METROPOLITAN NORTH WEST REGION,2.0,0.0,1.0,0.0,1.0,1.0,0.0,0.0,0.0,2.0,0.0,0.0,0.0,0.0,0.0,0.0,0.0,0.0,0.0,No,0.0,2.0,1.0,1.0,0.0,0.0,MELB_URBAN,MELB_URBAN,MELBOURNE,METROPOLITAN NORTH WEST REGION,Freeway,Freeway,Divided,Divided,Metro
63701,63702,T20190003018,ABS to receive accident,Finished,2019/02/16,16:40:00,Yes,Struck Pedestrian,Saturday,PED NEAR SIDE. PED HIT BY VEHICLE FROM THE RIGHT.,No,Day,Yes,T intersection,Serious injury accident,40 km/hr,No,144.96528768,-37.83044682,MELBOURNE,METROPOLITAN NORTH WEST REGION,3.0,0.0,1.0,0.0,2.0,1.0,2.0,0.0,1.0,1.0,1.0,0.0,0.0,0.0,0.0,1.0,0.0,0.0,0.0,No,0.0,1.0,0.0,1.0,0.0,0.0,MELB_URBAN,MELB_URBAN,MELBOURNE,METROPOLITAN NORTH WEST REGION,Local Road,Local Road,Undivided,Undivided,Metro
63712,63713,T20190000099,ABS to receive accident,Finished,2019/01/02,15:00:00,No,Struck Pedestrian,Wednesday,FAR SIDE. PED HIT BY VEHICLE FROM THE LEFT,No,Day,Yes,Cross intersection,Other injury accident,40 km/hr,No,144.95651159,-37.81174157,MELBOURNE,METROPOLITAN NORTH WEST REGION,2.0,0.0,0.0,2.0,0.0,1.0,1.0,0.0,0.0,1.0,1.0,0.0,0.0,0.0,0.0,0.0,0.0,0.0,1.0,No,0.0,1.0,0.0,1.0,0.0,0.0,MELBOURNE_CBD,"MELB_URBAN,MELBOURNE_CBD",MELBOURNE,METROPOLITAN NORTH WEST REGION,Local Road,Local Road,Undivided,Undivided,Metro
63731,63732,T20190004494,ABS to receive accident,Finished,2019/03/08,15:40:00,No,Collision with vehicle,Friday,RIGHT THROUGH,No,Day,Yes,Cross intersection,Other injury accident,60 km/hr,No,144.96733456,-37.80710402,MELBOURNE,METROPOLITAN NORTH WEST REGION,4.0,0.0,0.0,1.0,3.0,1.0,2.0,0.0,2.0,2.0,0.0,0.0,0.0,0.0,0.0,0.0,0.0,0.0,0.0,No,0.0,2.0,0.0,2.0,0.0,0.0,MELB_URBAN,MELB_URBAN,MELBOURNE,METROPOLITAN NORTH WEST REGION,Arterial Other,"Arterial Other,Local Road",Divided,"Divided,Undivided",Metro
63741,63742,T20190004648,ABS to receive accident,Finished,2019/03/01,08:50:00,No,Collision with vehicle,Friday,LEFT TURN SIDESWIPE,No,Day,No,T intersection,Other injury accident,60 km/hr,No,144.97109909,-37.82876969,MELBOURNE,METROPOLITAN NORTH WEST REGION,2.0,0.0,0.0,1.0,1.0,1.0,0.0,1.0,0.0,1.0,0.0,0.0,0.0,0.0,0.0,0.0,0.0,0.0,0.0,No,0.0,2.0,0.0,1.0,0.0,0.0,MELB_URBAN,MELB_URBAN,MELBOURNE,METROPOLITAN NORTH WEST REGION,Arterial Other,"Arterial Other,Local Road",Undivided,Undivided,Metro
63758,63759,T20190001195,ABS to receive accident,Finished,2019/01/20,23:25:00,Yes,Collision with a fixed object,Sunday,OFF LEFT BEND INTO OBJECT/PARKED VEHICLE,No,Dark Street lights on,Yes,Not at intersection,Serious injury accident,80 km/hr,Yes,144.96461327,-37.82648042,MELBOURNE,METROPOLITAN NORTH WEST REGION,4.0,0.0,2.0,2.0,0.0,1.0,2.0,0.0,2.0,2.0,0.0,0.0,0.0,0.0,0.0,0.0,0.0,0.0,0.0,No,0.0,2.0,0.0,2.0,0.0,0.0,MELB_URBAN,MELB_URBAN,MELBOURNE,METROPOLITAN NORTH WEST REGION,Freeway,Freeway,Undivided,Undivided,Metro
63779,63780,T20190003131,ABS to receive accident,Finished,2019/02/18,15:00:00,No,Collision with vehicle,Monday,RIGHT THROUGH,No,Day,Yes,Cross intersection,Other injury accident,60 km/hr,No,144.94287584,-37.81288916,MELBOURNE,METROPOLITAN NORTH WEST REGION,2.0,0.0,0.0,1.0,1.0,2.0,0.0,1.0,0.0,1.0,0.0,0.0,0.0,0.0,0.0,0.0,0.0,0.0,0.0,No,0.0,2.0,0.0,1.0,0.0,0.0,MELB_URBAN,MELB_URBAN,MELBOURNE,METROPOLITAN NORTH WEST REGION,Arterial Highway,"Arterial Highway,Local Road",Divided,"Undivided,Divided",Metro
63808,63809,T20180013037,ABS to receive accident,Finished,2018/07/12,09:40:00,No,Struck Pedestrian,Thursday,FAR SIDE. PED HIT BY VEHICLE FROM THE LEFT,No,Day,Yes,Multiple intersection,Serious injury accident,60 km/hr,No,144.97974997,-37.84767867,MELBOURNE,METROPOLITAN NORTH WEST REGION,3.0,0.0,1.0,0.0,2.0,3.0,0.0,0.0,1.0,1.0,1.0,0.0,0.0,0.0,0.0,1.0,0.0,0.0,0.0,No,0.0,1.0,0.0,1.0,0.0,0.0,MELB_URBAN,MELB_URBAN,"MELBOURNE,PORT PHILLIP",METROPOLITAN NORTH WEST REGION,Arterial Other,"Arterial Other,Local Road",Divided,"Divided,Undivided",Metro
63832,63833,T20190004858,ABS to receive accident,Finished,2019/03/14,15:33:00,No,Collision with vehicle,Wednesday,RIGHT THROUGH,No,Day,Yes,Cross intersection,Other injury accident,50 km/hr,No,144.98613417,-37.81069248,MELBOURNE,METROPOLITAN NORTH WEST REGION,2.0,0.0,0.0,1.0,1.0,1.0,1.0,1.0,0.0,1.0,0.0,0.0,0.0,0.0,0.0,0.0,0.0,0.0,0.0,No,0.0,2.0,0.0,1.0,0.0,0.0,MELB_URBAN,MELB_URBAN,MELBOURNE,METROPOLITAN NORTH WEST REGION,Local Road,Local Road,Divided,Divided,Metro
63880,63881,T20190003388,ABS to receive accident,Finished,2019/02/21,19:05:00,Yes,Collision with vehicle,Thursday,RIGHT NEAR (INTERSECTIONS ONLY),No,Dusk/Dawn,Yes,Cross intersection,Serious injury accident,60 km/hr,No,144.94002596,-37.78917509,MELBOURNE,METROPOLITAN NORTH WEST REGION,3.0,0.0,1.0,0.0,2.0,2.0,1.0,0.0,1.0,2.0,0.0,0.0,0.0,0.0,0.0,0.0,0.0,0.0,1.0,No,0.0,2.0,0.0,2.0,0.0,0.0,MELB_URBAN,MELB_URBAN,MELBOURNE,METROPOLITAN NORTH WEST REGION,Arterial Highway,"Arterial Other,Arterial Highway",Undivided,Undivided,Metro