,OBJECTID,ACCIDENT_NO,ABS_CODE,ACCIDENT_STATUS,ACCIDENT_DATE,ACCIDENT_TIME,ALCOHOLTIME,ACCIDENT_TYPE,DAY_OF_WEEK,DCA_CODE,HIT_RUN_FLAG,LIGHT_CONDITION,POLICE_ATTEND,ROAD_GEOMETRY,SEVERITY,SPEED_ZONE,RUN_OFFROAD,LONGITUDE,LATITUDE,LGA_NAME,REGION_NAME,TOTAL_PERSONS,FATALITY,SERIOUSINJURY,OTHERINJURY,NONINJURED,MALES,FEMALES,BICYCLIST,PASSENGER,DRIVER,PEDESTRIAN,PILLION,MOTORIST,UNKNOWN,PED_CYCLIST_5_12,PED_CYCLIST_13_18,OLD_PEDESTRIAN,OLD_DRIVER,YOUNG_DRIVER,ALCOHOL_RELATED,UNLICENCSED,NO_OF_VEHICLES,HEAVYVEHICLE,PASSENGERVEHICLE,MOTORCYCLE,PUBLICVEHICLE,DEG_URBAN_NAME,DEG_URBAN_ALL,LGA_NAME_ALL,REGION_NAME_ALL,RMA,RMA_ALL,DIVIDED,DIVIDED_ALL,STAT_DIV_NAME
70220,70221,T20150016745,ABS to receive accident,Finished,2015/08/07,22:00:00,Yes,Struck Pedestrian,Friday,FAR SIDE. PED HIT BY VEHICLE FROM THE LEFT,No,Dark Street lights on,No,Cross intersection,Other injury accident,60 km/hr,No,144.98251586,-37.81611304,MELBOURNE,METROPOLITAN NORTH WEST REGION,2.0,0.0,0.0,1.0,1.0,0.0,1.0,0.0,0.0,1.0,1.0,0.0,0.0,0.0,0.0,0.0,0.0,0.0,0.0,No,0.0,1.0,0.0,1.0,0.0,0.0,MELB_URBAN,MELB_URBAN,MELBOURNE,METROPOLITAN NORTH WEST REGION,Arterial Other,"Local Road,Arterial Other",Divided,"Undivided,Divided",Metro
70228,70229,T20150016857,ABS to receive accident,Finished,2015/08/12,06:10:00,No,Collision with vehicle,Wednesday,LEFT NEAR (INTERSECTIONS ONLY),No,Dusk/Dawn,No,T intersection,Other injury accident,50 km/hr,No,144.95420274,-37.80692289,MELBOURNE,METROPOLITAN NORTH WEST REGION,2.0,0.0,0.0,1.0,1.0,1.0,1.0,1.0,0.0,1.0,0.0,0.0,0.0,0.0,0.0,0.0,0.0,0.0,0.0,No,0.0,2.0,0.0,1.0,0.0,0.0,MELB_URBAN,MELB_URBAN,MELBOURNE,METROPOLITAN NORTH WEST REGION,Local Road,Local Road,Undivided,Undivided,Metro
70245,70246,T20150017079,ABS to receive accident,Finished,2015/08/16,17:48:00,Yes,Collision with vehicle,Sunday,RIGHT NEAR (INTERSECTIONS ONLY),No,Dark Street lights on,Yes,T intersection,Other injury accident,60 km/hr,No,144.98003333,-37.83746772,MELBOURNE,METROPOLITAN NORTH WEST REGION,2.0,0.0,0.0,1.0,1.0,1.0,1.0,0.0,0.0,2.0,0.0,0.0,0.0,0.0,0.0,0.0,0.0,0.0,0.0,No,0.0,2.0,0.0,2.0,0.0,0.0,MELB_URBAN,MELB_URBAN,MELBOURNE,METROPOLITAN NORTH WEST REGION,Arterial Other,Arterial Other,Undivided,Undivided,Metro
70246,70247,T20150017083,ABS to receive accident,Finished,2015/08/16,14:15:00,No,Collision with vehicle,Sunday,REAR END(VEHICLES IN SAME LANE),No,Day,Yes,Not at intersection,Other injury accident,70 km/hr,No,144.94319881,-37.82549514,MELBOURNE,METROPOLITAN NORTH WEST REGION,2.0,0.0,0.0,1.0,1.0,1.0,1.0,0.0,0.0,2.0,0.0,0.0,0.0,0.0,0.0,0.0,0.0,0.0,1.0,No,0.0,2.0,0.0,2.0,0.0,0.0,MELB_URBAN,MELB_URBAN,MELBOURNE,METROPOLITAN NORTH WEST REGION,Freeway,Freeway,Undivided,Undivided,Metro
70247,70248,T20150017085,ABS to receive accident,Finished,2015/08/16,16:45:00,Yes,Collision with vehicle,Sunday,RIGHT THROUGH,No,Day,Yes,Cross intersection,Other injury accident,50 km/hr,No,144.97048761,-37.79748149,MELBOURNE,METROPOLITAN NORTH WEST REGION,2.0,0.0,0.0,1.0,1.0,1.0,1.0,1.0,0.0,1.0,0.0,0.0,0.0,0.0,0.0,0.0,0.0,0.0,0.0,No,0.0,2.0,0.0,1.0,0.0,0.0,MELB_URBAN,MELB_URBAN,MELBOURNE,METROPOLITAN NORTH WEST REGION,Local Road,Local Road,Divided,Divided,Metro
70259,70260,T20150017275,ABS to receive accident,Finished,2015/08/18,19:30:00,Yes,Struck Pedestrian,Tuesday,FAR SIDE. PED HIT BY VEHICLE FROM THE LEFT,No,Dark Street lights on,No,Cross intersection,Other injury accident,60 km/hr,No,144.94358356,-37.80239816,MELBOURNE,METROPOLITAN NORTH WEST REGION,2.0,0.0,0.0,2.0,0.0,2.0,0.0,0.0,0.0,1.0,1.0,0.0,0.0,0.0,0.0,0.0,0.0,0.0,0.0,No,0.0,1.0,0.0,1.0,0.0,0.0,MELB_URBAN,MELB_URBAN,MELBOURNE,METROPOLITAN NORTH WEST REGION,Arterial Other,"Arterial Other,Local Road",Divided,"Undivided,Divided",Metro
70261,70262,T20150017285,ABS to receive accident,Finished,2015/08/16,12:03:00,No,Collision with vehicle,Sunday,REAR END(VEHICLES IN SAME LANE),No,Day,Yes,Not at intersection,Other injury accident,80 km/hr,No,144.92466454,-37.82755553,MELBOURNE,METROPOLITAN NORTH WEST REGION,12.0,0.0,0.0,1.0,11.0,7.0,3.0,0.0,6.0,6.0,0.0,0.0,0.0,0.0,0.0,0.0,0.0,1.0,0.0,No,0.0,6.0,0.0,6.0,0.0,0.0,MELB_URBAN,MELB_URBAN,MELBOURNE,METROPOLITAN NORTH WEST REGION,Freeway,Freeway,Divided,Divided,Metro
70272,70273,T20150017400,ABS to receive accident,Finished,2015/08/21,00:53:00,Yes,Collision with vehicle,Thursday,OTHER ON PATH,No,Dark Street lights on,Yes,Not at intersection,Serious injury accident,50 km/hr,No,144.9595134,-37.79988508,MELBOURNE,METROPOLITAN NORTH WEST REGION,1.0,0.0,1.0,0.0,0.0,0.0,1.0,0.0,0.0,1.0,0.0,0.0,0.0,0.0,0.0,0.0,0.0,0.0,0.0,No,0.0,2.0,0.0,2.0,0.0,0.0,MELB_URBAN,MELB_URBAN,MELBOURNE,METROPOLITAN NORTH WEST REGION,Local Road,Local Road,Undivided,Undivided,Metro
70274,70275,T20150017424,ABS to receive accident,Finished,2015/08/21,10:50:00,No,Collision with vehicle,Friday,REAR END(VEHICLES IN SAME LANE),No,Day,Yes,T intersection,Other injury accident,60 km/hr,No,144.98794443,-37.831469,MELBOURNE,METROPOLITAN SOUTH EAST REGION,2.0,0.0,0.0,2.0,0.0,1.0,1.0,0.0,0.0,2.0,0.0,0.0,0.0,0.0,0.0,0.0,0.0,0.0,0.0,No,0.0,2.0,0.0,2.0,0.0,0.0,MELB_URBAN,MELB_URBAN,"MELBOURNE,STONNINGTON","METROPOLITAN SOUTH EAST REGION,METROPOLITAN NORTH WEST REGION",Arterial Highway,Arterial Highway,Undivided,Undivided,Metro
70293,70294,T20150017663,ABS to receive accident,Finished,2015/08/25,12:00:00,No,Collision with vehicle,Tuesday,REAR END(VEHICLES IN SAME LANE),No,Day,Yes,Cross intersection,Other injury accident,50 km/hr,No,144.92300933,-37.78924016,MELBOURNE,METROPOLITAN NORTH WEST REGION,2.0,0.0,0.0,1.0,1.0,2.0,0.0,0.0,0.0,1.0,0.0,0.0,1.0,0.0,0.0,0.0,0.0,0.0,0.0,No,0.0,2.0,1.0,0.0,1.0,0.0,MELB_URBAN,MELB_URBAN,MELBOURNE,METROPOLITAN NORTH WEST REGION,Arterial Highway,"Arterial Other,Arterial Highway,Local Road",Undivided,Undivided,Metro
70312,70313,T20150017882,ABS to receive accident,Finished,2015/06/20,02:00:00,Yes,Struck Pedestrian,Saturday,PED NEAR SIDE. PED HIT BY VEHICLE FROM THE RIGHT.,No,Dark Street lights on,Not known,Cross intersection,Serious injury accident,40 km/hr,No,144.96734483,-37.81739381,MELBOURNE,METROPOLITAN NORTH WEST REGION,2.0,0.0,1.0,0.0,1.0,1.0,1.0,0.0,0.0,1.0,1.0,0.0,0.0,0.0,0.0,0.0,0.0,0.0,0.0,No,0.0,1.0,0.0,1.0,0.0,0.0,MELBOURNE_CBD,"MELB_URBAN,MELBOURNE_CBD",MELBOURNE,METROPOLITAN NORTH WEST REGION,Local Road,Local Road,Undivided,Undivided,Metro
70325,70326,T20150018034,ABS to receive accident,Finished,2015/08/30,11:58:00,No,Collision with vehicle,Sunday,RIGHT NEAR (INTERSECTIONS ONLY),No,Day,Yes,Cross intersection,Other injury accident,60 km/hr,No,144.95766679,-37.82660706,MELBOURNE,METROPOLITAN NORTH WEST REGION,6.0,0.0,0.0,1.0,5.0,3.0,3.0,0.0,4.0,2.0,0.0,0.0,0.0,0.0,0.0,0.0,0.0,0.0,1.0,No,0.0,2.0,0.0,2.0,0.0,0.0,MELB_URBAN,MELB_URBAN,MELBOURNE,METROPOLITAN NORTH WEST REGION,Arterial Other,"Local Road,Arterial Other",Undivided,Undivided,Metro
70343,70344,T20150018252,ABS to receive accident,Finished,2015/09/02,10:30:00,No,Collision with a fixed object,Tuesday,REVERSING INTO FIXED OBJECT/PARKED VEHICLE,No,Day,Yes,T intersection,Serious injury accident,40 km/hr,No,144.94954901,-37.80331646,MELBOURNE,METROPOLITAN NORTH WEST REGION,1.0,0.0,1.0,0.0,0.0,0.0,1.0,0.0,0.0,1.0,0.0,0.0,0.0,0.0,0.0,0.0,0.0,0.0,0.0,No,0.0,1.0,0.0,1.0,0.0,0.0,MELB_URBAN,MELB_URBAN,MELBOURNE,METROPOLITAN NORTH WEST REGION,Local Road,Local Road,Undivided,Undivided,Metro
70374,70375,T20150018667,ABS to receive accident,Finished,2015/09/08,09:30:00,No,Collision with vehicle,Tuesday,REAR END(VEHICLES IN SAME LANE),No,Day,Yes,T intersection,Other injury accident,60 km/hr,No,144.97741784,-37.81553956,MELBOURNE,METROPOLITAN NORTH WEST REGION,2.0,0.0,0.0,1.0,1.0,0.0,2.0,0.0,0.0,2.0,0.0,0.0,0.0,0.0,0.0,0.0,0.0,0.0,0.0,No,0.0,2.0,0.0,2.0,0.0,0.0,MELB_URBAN,MELB_URBAN,MELBOURNE,METROPOLITAN NORTH WEST REGION,Arterial Other,"Arterial Other,Local Road",Divided,"Divided,Undivided",Metro
70405,70406,T20150019050,ABS to receive accident,Finished,2015/09/12,10:24:00,No,Collision with vehicle,Saturday,RIGHT THROUGH,No,Day,Yes,Cross intersection,Other injury accident,50 km/hr,No,144.94865546,-37.80550151,MELBOURNE,METROPOLITAN NORTH WEST REGION,4.0,0.0,0.0,2.0,2.0,1.0,3.0,0.0,2.0,2.0,0.0,0.0,0.0,0.0,0.0,0.0,0.0,0.0,1.0,No,0.0,2.0,0.0,2.0,0.0,0.0,MELB_URBAN,MELB_URBAN,MELBOURNE,METROPOLITAN NORTH WEST REGION,Arterial Other,"Arterial Other,Local Road",Divided,Divided,Metro
70412,70413,T20150019194,ABS to receive accident,Finished,2015/05/11,18:00:00,Yes,Collision with vehicle,Monday,RIGHT FAR (INTERSECTIONS ONLY),No,Dark Street lights unknown,No,Cross intersection,Other injury accident,50 km/hr,No,144.93205919,-37.79295563,MELBOURNE,METROPOLITAN NORTH WEST REGION,2.0,0.0,0.0,1.0,1.0,2.0,0.0,1.0,0.0,1.0,0.0,0.0,0.0,0.0,0.0,0.0,0.0,0.0,1.0,No,0.0,2.0,0.0,1.0,0.0,0.0,MELB_URBAN,MELB_URBAN,MELBOURNE,METROPOLITAN NORTH WEST REGION,Local Road,Local Road,Divided,"Divided,Undivided",Metro
70416,70417,T20150019219,ABS to receive accident,Finished,2015/09/15,17:57:00,No,Collision with vehicle,Tuesday,RIGHT THROUGH,No,Dusk/Dawn,Yes,T intersection,Serious injury accident,60 km/hr,No,144.97064326,-37.79668081,MELBOURNE,METROPOLITAN NORTH WEST REGION,2.0,0.0,1.0,0.0,1.0,2.0,0.0,1.0,0.0,1.0,0.0,0.0,0.0,0.0,0.0,0.0,0.0,0.0,0.0,No,0.0,2.0,0.0,1.0,0.0,0.0,MELB_URBAN,MELB_URBAN,MELBOURNE,METROPOLITAN NORTH WEST REGION,Local Road,Local Road,Divided,"Divided,Undivided",Metro
70439,70440,T20150019462,ABS to receive accident,Finished,2015/09/19,00:30:00,Yes,Collision with vehicle,Saturday,CROSS TRAFFIC(INTERSECTIONS ONLY),Yes,Dark Street lights on,Yes,Cross intersection,Serious injury accident,60 km/hr,No,144.98355382,-37.81041212,MELBOURNE,METROPOLITAN NORTH WEST REGION,2.0,0.0,1.0,0.0,1.0,1.0,0.0,0.0,0.0,2.0,0.0,0.0,0.0,0.0,0.0,0.0,0.0,0.0,0.0,No,0.0,2.0,0.0,2.0,0.0,0.0,MELB_URBAN,MELB_URBAN,MELBOURNE,METROPOLITAN NORTH WEST REGION,Local Road,Local Road,Divided,Divided,Metro
70440,70441,T20150019468,ABS to receive accident,Finished,2015/08/14,13:00:00,No,Collision with vehicle,Friday,RIGHT REAR.,No,Day,No,Cross intersection,Other injury accident,60 km/hr,No,144.94889238,-37.79874129,MELBOURNE,METROPOLITAN NORTH WEST REGION,2.0,0.0,0.0,1.0,1.0,0.0,2.0,0.0,0.0,2.0,0.0,0.0,0.0,0.0,0.0,0.0,0.0,0.0,0.0,No,0.0,2.0,0.0,2.0,0.0,0.0,MELB_URBAN,MELB_URBAN,MELBOURNE,METROPOLITAN NORTH WEST REGION,Arterial Other,"Arterial Other,Local Road",Divided,Divided,Metro
70441,70442,T20150019474,ABS to receive accident,Finished,2015/09/19,10:05:00,No,Struck Pedestrian,Saturday,PED NEAR SIDE. PED HIT BY VEHICLE FROM THE RIGHT.,No,Day,Yes,Cross intersection,Other injury accident,40 km/hr,No,144.97065464,-37.81207238,MELBOURNE,METROPOLITAN NORTH WEST REGION,2.0,0.0,0.0,1.0,1.0,1.0,1.0,0.0,0.0,1.0,1.0,0.0,0.0,0.0,0.0,0.0,0.0,0.0,0.0,No,0.0,1.0,0.0,1.0,0.0,0.0,MELBOURNE_CBD,MELBOURNE_CBD,MELBOURNE,METROPOLITAN NORTH WEST REGION,Local Road,Local Road,Divided,"Divided,Undivided",Metro
70461,70462,T20150019714,ABS to receive accident,Finished,2015/09/22,22:31:00,Yes,Collision with vehicle,Monday,CROSS TRAFFIC(INTERSECTIONS ONLY),No,Dark Street lights on,Yes,Cross intersection,Other injury accident,40 km/hr,No,144.96875099,-37.80812589,MELBOURNE,METROPOLITAN NORTH WEST REGION,3.0,0.0,0.0,1.0,2.0,2.0,1.0,0.0,0.0,3.0,0.0,0.0,0.0,0.0,0.0,0.0,0.0,0.0,1.0,No,0.0,3.0,0.0,3.0,0.0,0.0,MELBOURNE_CBD,"MELB_URBAN,MELBOURNE_CBD",MELBOURNE,METROPOLITAN NORTH WEST REGION,Local Road,Local Road,Divided,"Divided,Undivided",Metro
70466,70467,T20150019735,ABS to receive accident,Finished,2015/09/23,10:20:00,No,Struck Pedestrian,Wednesday,PED NEAR SIDE. PED HIT BY VEHICLE FROM THE RIGHT.,No,Day,Yes,Cross intersection,Other injury accident,50 km/hr,No,144.98252369,-37.83414557,MELBOURNE,METROPOLITAN NORTH WEST REGION,2.0,0.0,0.0,1.0,1.0,1.0,1.0,0.0,0.0,1.0,1.0,0.0,0.0,0.0,0.0,1.0,0.0,0.0,0.0,No,0.0,1.0,0.0,1.0,0.0,0.0,MELB_URBAN,MELB_URBAN,MELBOURNE,METROPOLITAN NORTH WEST REGION,Local Road,Local Road,Undivided,Undivided,Metro
70467,70468,T20150019739,ABS to receive accident,Finished,2015/09/15,17:20:00,No,Collision with vehicle,Monday,VEHICLE STRIKES DOOR OF PARKED/STATIONARY VEHICLE,No,Dusk/Dawn,No,Not at intersection,Other injury accident,60 km/hr,No,144.96968465,-37.80219638,MELBOURNE,METROPOLITAN NORTH WEST REGION,2.0,0.0,0.0,1.0,1.0,2.0,0.0,1.0,0.0,1.0,0.0,0.0,0.0,0.0,0.0,0.0,0.0,0.0,0.0,No,0.0,2.0,0.0,1.0,0.0,0.0,MELB_URBAN,MELB_URBAN,MELBOURNE,METROPOLITAN NORTH WEST REGION,Local Road,Local Road,Divided,Divided,Metro
70478,70479,T20150019853,ABS to receive accident,Finished,2015/08/12,09:55:00,No,Collision with vehicle,Tuesday,RIGHT NEAR (INTERSECTIONS ONLY),No,Day,No,Cross intersection,Other injury accident,60 km/hr,No,144.94757396,-37.82548826,MELBOURNE,METROPOLITAN NORTH WEST REGION,2.0,0.0,0.0,1.0,1.0,1.0,1.0,0.0,0.0,2.0,0.0,0.0,0.0,0.0,0.0,0.0,0.0,0.0,1.0,No,0.0,2.0,0.0,2.0,0.0,0.0,MELB_URBAN,MELB_URBAN,MELBOURNE,METROPOLITAN NORTH WEST REGION,Arterial Highway,Arterial Highway,Divided,Divided,Metro
70497,70498,T20150020073,ABS to receive accident,Finished,2015/09/28,11:00:00,No,Collision with vehicle,Monday,REAR END(VEHICLES IN SAME LANE),No,Day,Yes,Not at intersection,Other injury accident,80 km/hr,No,144.93337436,-37.80815222,MELBOURNE,METROPOLITAN NORTH WEST REGION,4.0,0.0,0.0,3.0,1.0,2.0,2.0,0.0,2.0,2.0,0.0,0.0,0.0,0.0,0.0,0.0,0.0,0.0,0.0,No,0.0,2.0,0.0,2.0,0.0,0.0,MELB_URBAN,MELB_URBAN,MELBOURNE,METROPOLITAN NORTH WEST REGION,Freeway,Freeway,Divided,Divided,Metro
70507,70508,T20150020154,ABS to receive accident,Finished,2015/09/28,14:15:00,No,Collision with a fixed object,Monday,PERMANENT OBSTRUCTION ON CARRIAGEWAY,No,Day,Yes,Not at intersection,Serious injury accident,60 km/hr,No,144.96880877,-37.78954022,MELBOURNE,METROPOLITAN NORTH WEST REGION,1.0,0.0,1.0,0.0,0.0,1.0,0.0,0.0,0.0,1.0,0.0,0.0,0.0,0.0,0.0,0.0,0.0,0.0,0.0,No,0.0,1.0,0.0,1.0,0.0,0.0,MELB_URBAN,MELB_URBAN,"MELBOURNE,YARRA",METROPOLITAN NORTH WEST REGION,Local Road,Local Road,Undivided,Undivided,Metro
70510,70511,T20150020182,ABS to receive accident,Finished,2015/09/29,19:33:00,Yes,Collision with vehicle,Monday,CROSS TRAFFIC(INTERSECTIONS ONLY),No,Dark Street lights on,Yes,Cross intersection,Other injury accident,60 km/hr,No,144.9584744,-37.80403888,MELBOURNE,METROPOLITAN NORTH WEST REGION,2.0,0.0,0.0,1.0,1.0,1.0,1.0,1.0,0.0,1.0,0.0,0.0,0.0,0.0,0.0,0.0,0.0,0.0,0.0,No,0.0,2.0,0.0,1.0,0.0,0.0,MELB_URBAN,MELB_URBAN,MELBOURNE,METROPOLITAN NORTH WEST REGION,Arterial Other,"Arterial Other,Local Road",Divided,"Undivided,Divided",Metro
70519,70520,T20150020291,ABS to receive accident,Finished,2015/09/30,21:30:00,Yes,Collision with vehicle,Wednesday,REAR END(VEHICLES IN SAME LANE),No,Dark Street lights on,No,Cross intersection,Other injury accident,60 km/hr,No,144.97567025,-37.79313286,MELBOURNE,METROPOLITAN NORTH WEST REGION,3.0,0.0,0.0,2.0,1.0,0.0,3.0,0.0,0.0,2.0,0.0,0.0,0.0,1.0,0.0,0.0,0.0,0.0,0.0,No,0.0,2.0,0.0,2.0,0.0,0.0,MELB_URBAN,MELB_URBAN,"MELBOURNE,YARRA",METROPOLITAN NORTH WEST REGION,Arterial Highway,"Arterial Highway,Arterial Other",Divided,Divided,Metro
70574,70575,T20150021078,ABS to receive accident,Finished,2015/10/12,14:25:00,No,Collision with vehicle,Monday,CROSS TRAFFIC(INTERSECTIONS ONLY),No,Day,Yes,Cross intersection,Serious injury accident,50 km/hr,No,144.96873322,-37.80821385,MELBOURNE,METROPOLITAN NORTH WEST REGION,2.0,0.0,1.0,0.0,1.0,2.0,0.0,1.0,0.0,1.0,0.0,0.0,0.0,0.0,0.0,0.0,0.0,0.0,0.0,No,0.0,2.0,0.0,1.0,0.0,0.0,MELBOURNE_CBD,"MELB_URBAN,MELBOURNE_CBD",MELBOURNE,METROPOLITAN NORTH WEST REGION,Local Road,Local Road,Divided,"Divided,Undivided",Metro
70577,70578,T20150021144,ABS to receive accident,Finished,2015/10/13,09:00:00,No,Collision with vehicle,Tuesday,RIGHT THROUGH,No,Day,No,Not at intersection,Other injury accident,50 km/hr,No,144.96936843,-37.80405576,MELBOURNE,METROPOLITAN NORTH WEST REGION,2.0,0.0,0.0,1.0,1.0,1.0,1.0,1.0,0.0,1.0,0.0,0.0,0.0,0.0,0.0,0.0,0.0,0.0,0.0,No,0.0,2.0,0.0,1.0,0.0,0.0,MELB_URBAN,MELB_URBAN,MELBOURNE,METROPOLITAN NORTH WEST REGION,Local Road,Local Road,Divided,Divided,Metro
70579,70580,T20150021168,ABS to receive accident,Finished,2015/09/11,14:30:00,No,Collision with vehicle,Friday,REAR END(VEHICLES IN SAME LANE),Yes,Day,No,Cross intersection,Other injury accident,50 km/hr,No,144.9585099,-37.79252777,MELBOURNE,METROPOLITAN NORTH WEST REGION,2.0,0.0,0.0,1.0,1.0,1.0,0.0,1.0,0.0,1.0,0.0,0.0,0.0,0.0,0.0,0.0,0.0,0.0,0.0,No,0.0,2.0,0.0,1.0,0.0,0.0,MELB_URBAN,MELB_URBAN,MELBOURNE,METROPOLITAN NORTH WEST REGION,Arterial Other,"Arterial Other,Local Road",Divided,"Divided,Undivided",Metro
70591,70592,T20150021375,ABS to receive accident,Finished,2015/10/16,09:15:00,No,No collision and no object struck,Friday,OUT OF CONTROL ON CARRIAGEWAY (ON STRAIGHT),No,Day,Yes,Not at intersection,Serious injury accident,60 km/hr,No,144.96313356,-37.80551583,MELBOURNE,METROPOLITAN NORTH WEST REGION,2.0,0.0,1.0,0.0,1.0,1.0,1.0,1.0,0.0,1.0,0.0,0.0,0.0,0.0,0.0,0.0,0.0,0.0,0.0,No,0.0,2.0,0.0,1.0,0.0,0.0,MELB_URBAN,MELB_URBAN,MELBOURNE,METROPOLITAN NORTH WEST REGION,Local Road,Local Road,Undivided,Undivided,Metro
70625,70626,T20150021766,ABS to receive accident,Finished,2015/10/21,09:23:00,No,Collision with vehicle,Wednesday,CROSS TRAFFIC(INTERSECTIONS ONLY),No,Day,Yes,Cross intersection,Other injury accident,40 km/hr,No,144.98561258,-37.81413384,MELBOURNE,METROPOLITAN NORTH WEST REGION,2.0,0.0,0.0,1.0,1.0,0.0,2.0,1.0,0.0,1.0,0.0,0.0,0.0,0.0,0.0,0.0,0.0,0.0,0.0,No,0.0,2.0,0.0,1.0,0.0,0.0,MELB_URBAN,MELB_URBAN,MELBOURNE,METROPOLITAN NORTH WEST REGION,Local Road,Local Road,Divided,Divided,Metro
70633,70634,T20150021847,ABS to receive accident,Finished,2015/10/22,09:45:00,No,Collision with vehicle,Wednesday,ENTERING PARKING,No,Day,Yes,Cross intersection,Other injury accident,40 km/hr,No,144.96895711,-37.81468101,MELBOURNE,METROPOLITAN NORTH WEST REGION,2.0,0.0,0.0,1.0,1.0,1.0,1.0,0.0,0.0,1.0,0.0,0.0,1.0,0.0,0.0,0.0,0.0,0.0,0.0,No,0.0,3.0,0.0,2.0,1.0,0.0,MELBOURNE_CBD,MELBOURNE_CBD,MELBOURNE,METROPOLITAN NORTH WEST REGION,Local Road,Local Road,Divided,"Undivided,Divided",Metro
70636,70637,T20150021891,ABS to receive accident,Finished,2015/10/22,21:22:00,Yes,Struck Pedestrian,Wednesday,PED STRUCK WALKING TO/FROM OR BOARDING/ALIGHTING VEHICLE.,No,Dark Street lights on,Yes,Multiple intersection,Other injury accident,60 km/hr,No,144.95872135,-37.78995292,MELBOURNE,METROPOLITAN NORTH WEST REGION,2.0,0.0,0.0,1.0,1.0,0.0,2.0,0.0,0.0,1.0,1.0,0.0,0.0,0.0,0.0,0.0,0.0,0.0,0.0,No,0.0,1.0,0.0,1.0,0.0,0.0,MELB_URBAN,MELB_URBAN,MELBOURNE,METROPOLITAN NORTH WEST REGION,Arterial Other,Arterial Other,Divided,Divided,Metro
70664,70665,T20150022271,ABS to receive accident,Finished,2015/10/27,18:15:00,Yes,Collision with vehicle,Tuesday,VEHICLE OFF FOOTPATH STRIKES VEH ON CARRIAGEWAY,No,Dusk/Dawn,Yes,Cross intersection,Serious injury accident,Not known,No,144.95960822,-37.82550191,MELBOURNE,METROPOLITAN NORTH WEST REGION,2.0,0.0,1.0,1.0,0.0,2.0,0.0,1.0,0.0,0.0,0.0,0.0,1.0,0.0,0.0,0.0,0.0,0.0,0.0,No,0.0,2.0,0.0,0.0,1.0,0.0,MELB_URBAN,MELB_URBAN,MELBOURNE,METROPOLITAN NORTH WEST REGION,Arterial Highway,"Local Road,Arterial Highway",Undivided,Undivided,Metro
70701,70702,T20150022991,ABS to receive accident,Finished,2015/11/06,10:30:00,No,No collision and no object struck,Friday,OUT OF CONTROL ON CARRIAGEWAY (ON STRAIGHT),Yes,Day,Yes,Not at intersection,Other injury accident,40 km/hr,No,144.96554507,-37.80905428,MELBOURNE,METROPOLITAN NORTH WEST REGION,2.0,0.0,0.0,1.0,1.0,0.0,1.0,0.0,0.0,0.0,0.0,0.0,1.0,1.0,0.0,0.0,0.0,0.0,0.0,No,0.0,2.0,0.0,0.0,1.0,0.0,MELBOURNE_CBD,"MELB_URBAN,MELBOURNE_CBD",MELBOURNE,METROPOLITAN NORTH WEST REGION,Local Road,Local Road,Undivided,Undivided,Metro
70737,70738,T20150023522,ABS to receive accident,Finished,2015/11/12,17:00:00,No,Vehicle overturned (no collision),Thursday,OUT OF CONTROL ON CARRIAGEWAY (ON STRAIGHT),No,Day,No,Not at intersection,Other injury accident,60 km/hr,No,144.98924288,-37.8224217,MELBOURNE,METROPOLITAN NORTH WEST REGION,2.0,0.0,0.0,1.0,1.0,1.0,0.0,0.0,0.0,0.0,0.0,0.0,1.0,1.0,0.0,0.0,0.0,0.0,0.0,No,0.0,2.0,0.0,0.0,1.0,0.0,MELB_URBAN,MELB_URBAN,"MELBOURNE,YARRA",METROPOLITAN NORTH WEST REGION,Arterial Highway,Arterial Highway,Divided,Divided,Metro
70792,70793,T20150024202,ABS to receive accident,Finished,2015/11/04,18:20:00,Yes,Collision with vehicle,Tuesday,CROSS TRAFFIC(INTERSECTIONS ONLY),No,Dusk/Dawn,No,Cross intersection,Other injury accident,60 km/hr,No,144.96399897,-37.78242989,MELBOURNE,METROPOLITAN NORTH WEST REGION,2.0,0.0,0.0,1.0,1.0,2.0,0.0,1.0,0.0,1.0,0.0,0.0,0.0,0.0,0.0,0.0,0.0,0.0,0.0,No,0.0,2.0,0.0,1.0,0.0,0.0,MELB_URBAN,MELB_URBAN,"MELBOURNE,YARRA",METROPOLITAN NORTH WEST REGION,Local Road,Local Road,Divided,"Divided,Undivided",Metro
70843,70844,T20150024730,ABS to receive accident,Finished,2015/11/30,09:20:00,Yes,Collision with vehicle,Sunday,REAR END(VEHICLES IN SAME LANE),No,Day,Yes,Not at intersection,Other injury accident,80 km/hr,No,144.97874536,-37.82543978,MELBOURNE,METROPOLITAN NORTH WEST REGION,3.0,0.0,0.0,1.0,2.0,2.0,1.0,0.0,0.0,3.0,0.0,0.0,0.0,0.0,0.0,0.0,0.0,0.0,1.0,No,0.0,3.0,0.0,3.0,0.0,0.0,MELB_URBAN,MELB_URBAN,MELBOURNE,METROPOLITAN NORTH WEST REGION,Freeway,Freeway,Divided,Divided,Metro